Time, WaitQueueSize, AverageServiceTime, WorkingThreadCount, TotalThreadCount
10:44:26, 0, 0.100000, 0, 3
10:44:29, 0, 0.100000, 0, 3
10:44:32, 0, 0.100000, 0, 3
10:44:35, 0, 0.100000, 0, 3
10:44:38, 0, 0.100000, 0, 3
10:44:41, 0, 0.100000, 0, 3
10:44:44, 0, 0.100000, 0, 3
10:44:47, 0, 0.100000, 0, 3
10:44:50, 0, 0.100000, 0, 3
10:44:53, 0, 0.100000, 0, 3
10:44:56, 0, 0.100000, 0, 3
10:44:59, 0, 0.100000, 0, 3
10:45:2, 0, 0.100000, 0, 3
10:45:5, 0, 0.100000, 0, 3
10:45:8, 0, 0.100000, 0, 3
10:45:11, 0, 0.100000, 0, 3
10:45:14, 0, 0.100000, 0, 3
10:45:17, 0, 0.100000, 0, 3
10:45:20, 0, 0.100000, 0, 3
10:45:23, 0, 0.100000, 0, 3
10:45:26, 0, 0.100000, 0, 3
10:45:29, 0, 0.100000, 0, 3
10:45:32, 0, 0.100000, 0, 3
10:45:35, 0, 0.100000, 0, 3
10:45:38, 0, 0.100000, 0, 3
10:45:41, 0, 0.100000, 0, 3
10:45:44, 0, 0.100000, 0, 3
10:45:47, 0, 0.100000, 0, 3
10:45:50, 0, 0.100000, 0, 3
10:45:53, 0, 0.100000, 0, 3
10:45:56, 0, 0.100000, 0, 3
10:45:59, 0, 0.100000, 0, 3
10:46:2, 0, 0.100000, 0, 3
10:46:5, 0, 0.100000, 0, 3
10:46:8, 0, 0.100000, 0, 3
10:46:11, 0, 0.100000, 0, 3
10:46:14, 0, 0.100000, 0, 3
10:46:17, 0, 0.100000, 0, 3
10:46:20, 0, 0.100000, 0, 3
10:46:23, 0, 0.100000, 0, 3
10:46:26, 0, 0.100000, 0, 3
10:46:29, 0, 0.100000, 0, 3
10:46:32, 0, 0.100000, 0, 3
10:46:35, 0, 0.100000, 0, 3
10:46:38, 0, 0.100000, 0, 3
10:46:41, 0, 0.100000, 0, 3
10:46:44, 0, 0.100000, 0, 3
10:46:47, 0, 0.100000, 0, 3
10:46:50, 0, 0.100000, 0, 3
10:46:53, 0, 0.100000, 0, 3
10:46:56, 0, 0.100000, 0, 3
10:46:59, 0, 0.100000, 0, 3
10:47:2, 0, 0.100000, 0, 3
10:47:5, 0, 0.100000, 0, 3
10:47:8, 0, 0.100000, 0, 3
10:47:11, 0, 0.100000, 0, 3
10:47:14, 0, 0.100000, 0, 3
10:47:18, 0, 0.100000, 0, 3
10:47:20, 0, 0.100000, 0, 3
10:47:23, 0, 0.100000, 0, 3
10:47:26, 0, 0.100000, 0, 3
10:47:29, 0, 0.100000, 0, 3
10:47:32, 0, 0.100000, 0, 3
10:47:35, 0, 0.100000, 0, 3
10:47:38, 0, 0.100000, 0, 3
10:47:41, 0, 0.100000, 0, 3
10:47:44, 0, 0.100000, 0, 3
10:47:47, 0, 0.100000, 0, 3
10:47:50, 0, 0.100000, 0, 3
10:47:53, 0, 0.100000, 0, 3
10:47:56, 0, 0.100000, 0, 3
10:47:59, 0, 0.100000, 0, 3
10:48:2, 0, 0.100000, 0, 3
10:48:6, 0, 0.100000, 0, 3
10:48:9, 0, 0.100000, 0, 3
10:48:12, 0, 0.100000, 0, 3
10:48:15, 0, 0.100000, 0, 3
10:48:18, 0, 0.100000, 0, 3
10:48:21, 0, 0.100000, 0, 3
10:48:24, 0, 0.100000, 0, 3
10:48:27, 0, 0.100000, 0, 3
10:48:30, 0, 0.100000, 0, 3
10:48:33, 0, 0.100000, 0, 3
10:48:36, 0, 0.100000, 0, 3
10:48:39, 0, 0.100000, 0, 3
10:48:42, 0, 0.100000, 0, 3
10:48:45, 0, 0.100000, 0, 3
10:48:48, 0, 0.100000, 0, 3
10:48:51, 0, 0.100000, 0, 3
10:48:54, 0, 0.100000, 0, 3
10:48:57, 0, 0.100000, 0, 3
10:49:0, 0, 0.100000, 0, 3
10:49:3, 0, 0.100000, 0, 3
10:49:6, 0, 0.100000, 0, 3
10:49:9, 0, 0.100000, 0, 3
10:49:12, 0, 0.100000, 0, 3
10:49:15, 0, 0.100000, 0, 3
10:49:18, 0, 0.100000, 0, 3
10:49:21, 0, 0.100000, 0, 3
10:49:24, 0, 0.100000, 0, 3
10:49:27, 0, 0.100000, 0, 3
10:49:30, 0, 0.100000, 0, 3
10:49:33, 0, 0.100000, 0, 3
10:49:36, 0, 0.100000, 0, 3
10:49:39, 0, 0.100000, 0, 3
10:49:42, 0, 0.100000, 0, 3
10:49:45, 0, 0.100000, 0, 3
10:49:48, 0, 0.100000, 0, 3
10:49:51, 0, 0.100000, 0, 3
10:49:54, 0, 0.100000, 0, 3
10:49:57, 0, 0.100000, 0, 3
10:50:0, 0, 0.100000, 0, 3
10:50:3, 0, 0.100000, 0, 3
10:50:6, 0, 0.100000, 0, 3
10:50:9, 0, 0.100000, 0, 3
10:50:12, 0, 0.100000, 0, 3
10:50:15, 0, 0.100000, 0, 3
10:50:18, 0, 0.100000, 0, 3
10:50:21, 0, 0.100000, 0, 3
10:50:24, 0, 0.100000, 0, 3
10:50:27, 0, 0.100000, 0, 3
10:50:30, 0, 0.100000, 0, 3
10:50:33, 0, 0.100000, 0, 3
10:50:36, 0, 0.100000, 0, 3
10:50:39, 0, 0.100000, 0, 3
10:50:42, 0, 0.100000, 0, 3
10:50:45, 0, 0.100000, 0, 3
10:50:48, 0, 0.100000, 0, 3
10:50:51, 0, 0.100000, 0, 3
10:50:54, 0, 0.100000, 0, 3
10:50:57, 0, 0.100000, 0, 3
10:51:0, 0, 0.100000, 0, 3
10:51:3, 0, 0.100000, 0, 3
10:51:6, 0, 0.100000, 0, 3
10:51:9, 0, 0.100000, 0, 3
10:51:12, 0, 0.100000, 0, 3
10:51:15, 0, 0.100000, 0, 3
10:51:18, 0, 0.100000, 0, 3
10:51:21, 0, 0.100000, 0, 3
10:51:24, 0, 0.100000, 0, 3
10:51:27, 0, 0.100000, 0, 3
10:51:30, 0, 0.100000, 0, 3
10:51:33, 0, 0.100000, 0, 3
10:51:36, 0, 0.100000, 0, 3
10:51:39, 0, 0.100000, 0, 3
10:51:42, 0, 0.100000, 0, 3
10:51:45, 0, 0.100000, 0, 3
10:51:48, 0, 0.100000, 0, 3
10:51:51, 0, 0.100000, 0, 3
10:51:54, 0, 0.100000, 0, 3
10:51:57, 0, 0.100000, 0, 3
10:52:0, 0, 0.100000, 0, 3
10:52:3, 0, 0.100000, 0, 3
10:52:6, 0, 0.100000, 0, 3
10:52:9, 0, 0.100000, 0, 3
10:52:12, 0, 0.100000, 0, 3
10:52:15, 0, 0.100000, 0, 3
10:52:18, 0, 0.100000, 0, 3
10:52:21, 0, 0.100000, 0, 3
10:52:24, 0, 0.100000, 0, 3
10:52:27, 0, 0.100000, 0, 3
10:52:30, 0, 0.100000, 0, 3
10:52:33, 0, 0.100000, 0, 3
10:52:36, 0, 0.100000, 0, 3
10:52:39, 0, 0.100000, 0, 3
10:52:42, 0, 0.100000, 0, 3
10:52:45, 0, 0.100000, 0, 3
10:52:48, 0, 0.100000, 0, 3
10:52:51, 0, 0.100000, 0, 3
10:52:54, 0, 0.100000, 0, 3
10:52:57, 0, 0.100000, 0, 3
10:53:0, 0, 0.100000, 0, 3
10:53:3, 0, 0.100000, 0, 3
10:53:6, 0, 0.100000, 0, 3
10:53:9, 0, 0.100000, 0, 3
10:53:12, 0, 0.100000, 0, 3
10:53:15, 0, 0.100000, 0, 3
10:53:18, 0, 0.100000, 0, 3
10:53:21, 0, 0.100000, 0, 3
10:53:24, 0, 0.100000, 0, 3
10:53:27, 0, 0.100000, 0, 3
10:53:30, 0, 0.100000, 0, 3
10:53:33, 0, 0.100000, 0, 3
10:53:36, 0, 0.100000, 0, 3
10:53:39, 0, 0.100000, 0, 3
10:53:42, 0, 0.100000, 0, 3
10:53:45, 0, 0.100000, 0, 3
10:53:48, 0, 0.100000, 0, 3
10:53:51, 0, 0.100000, 0, 3
10:53:54, 0, 0.100000, 0, 3
10:53:57, 0, 0.100000, 0, 3
10:54:0, 0, 0.100000, 0, 3
10:54:3, 0, 0.100000, 0, 3
10:54:6, 0, 0.100000, 0, 3
10:54:9, 0, 0.100000, 0, 3
10:54:12, 0, 0.100000, 0, 3
10:54:15, 0, 0.100000, 0, 3
10:54:18, 0, 0.100000, 0, 3
10:54:21, 0, 0.100000, 0, 3
10:54:24, 0, 0.100000, 0, 3
10:54:27, 0, 0.100000, 0, 3
10:54:30, 0, 0.100000, 0, 3
10:54:33, 0, 0.100000, 0, 3
10:54:36, 0, 0.100000, 0, 3
10:54:39, 0, 0.100000, 0, 3
10:54:42, 0, 0.100000, 0, 3
10:54:45, 0, 0.100000, 0, 3
10:54:48, 0, 0.100000, 0, 3
10:54:51, 0, 0.100000, 0, 3
10:54:54, 0, 0.100000, 0, 3
10:54:57, 0, 0.100000, 0, 3
10:55:0, 0, 0.100000, 0, 3
10:55:3, 0, 0.100000, 0, 3
10:55:6, 0, 0.100000, 0, 3
10:55:9, 0, 0.100000, 0, 3
10:55:12, 0, 0.100000, 0, 3
10:55:15, 0, 0.100000, 0, 3
10:55:18, 0, 0.100000, 0, 3
10:55:21, 0, 0.100000, 0, 3
10:55:24, 0, 0.100000, 0, 3
10:55:27, 0, 0.100000, 0, 3
10:55:30, 0, 0.100000, 0, 3
10:55:33, 0, 0.100000, 0, 3
10:55:36, 0, 0.100000, 0, 3
10:55:39, 0, 0.100000, 0, 3
10:55:42, 0, 0.100000, 0, 3
10:55:45, 0, 0.100000, 0, 3
10:55:48, 0, 0.100000, 0, 3
10:55:51, 0, 0.100000, 0, 3
10:55:54, 0, 0.100000, 0, 3
10:55:57, 0, 0.100000, 0, 3
10:56:0, 0, 0.100000, 0, 3
10:56:3, 0, 0.100000, 0, 3
10:56:6, 0, 0.100000, 0, 3
10:56:9, 0, 0.100000, 0, 3
10:56:12, 0, 0.100000, 0, 3
10:56:15, 0, 0.100000, 0, 3
10:56:18, 0, 0.100000, 0, 3
10:56:21, 0, 0.100000, 0, 3
10:56:24, 0, 0.100000, 0, 3
10:56:27, 0, 0.100000, 0, 3
10:56:30, 0, 0.100000, 0, 3
10:56:33, 0, 0.100000, 0, 3
10:56:36, 0, 0.100000, 0, 3
10:56:39, 0, 0.100000, 0, 3
10:56:42, 0, 0.100000, 0, 3
10:56:45, 0, 0.100000, 0, 3
10:56:48, 0, 0.100000, 0, 3
10:56:51, 0, 0.100000, 0, 3
10:56:54, 0, 0.100000, 0, 3
10:56:57, 0, 0.100000, 0, 3
10:57:0, 0, 0.100000, 0, 3
10:57:3, 0, 0.100000, 0, 3
10:57:6, 0, 0.100000, 0, 3
10:57:9, 0, 0.100000, 0, 3
10:57:12, 0, 0.100000, 0, 3
10:57:15, 0, 0.100000, 0, 3
10:57:18, 0, 0.100000, 0, 3
10:57:21, 0, 0.100000, 0, 3
10:57:24, 0, 0.100000, 0, 3
10:57:27, 0, 0.100000, 0, 3
10:57:30, 0, 0.100000, 0, 3
10:57:33, 0, 0.100000, 0, 3
10:57:36, 0, 0.100000, 0, 3
10:57:39, 0, 0.100000, 0, 3
10:57:42, 0, 0.100000, 0, 3
10:57:45, 0, 0.100000, 0, 3
10:57:48, 0, 0.100000, 0, 3
10:57:51, 0, 0.100000, 0, 3
10:57:54, 0, 0.100000, 0, 3
10:57:57, 0, 0.100000, 0, 3
10:58:0, 0, 0.100000, 0, 3
10:58:3, 0, 0.100000, 0, 3
10:58:6, 0, 0.100000, 0, 3
10:58:9, 0, 0.100000, 0, 3
10:58:12, 0, 0.100000, 0, 3
10:58:15, 0, 0.100000, 0, 3
10:58:18, 0, 0.100000, 0, 3
10:58:21, 0, 0.100000, 0, 3
10:58:24, 0, 0.100000, 0, 3
10:58:27, 0, 0.100000, 0, 3
10:58:30, 0, 0.100000, 0, 3
10:58:33, 0, 0.100000, 0, 3
10:58:36, 0, 0.100000, 0, 3
10:58:39, 0, 0.100000, 0, 3
10:58:42, 0, 0.100000, 0, 3
10:58:45, 0, 0.100000, 0, 3
10:58:48, 0, 0.100000, 0, 3
10:58:51, 0, 0.100000, 0, 3
10:58:54, 0, 0.100000, 0, 3
10:58:57, 0, 0.100000, 0, 3
10:59:0, 0, 0.100000, 0, 3
10:59:3, 0, 0.100000, 0, 3
10:59:7, 0, 0.100000, 0, 3
10:59:9, 0, 0.100000, 0, 3
10:59:12, 0, 0.100000, 0, 3
10:59:15, 0, 0.100000, 0, 3
10:59:18, 0, 0.100000, 0, 3
10:59:21, 0, 0.100000, 0, 3
10:59:24, 0, 0.100000, 0, 3
10:59:28, 0, 0.100000, 0, 3
10:59:31, 0, 0.100000, 0, 3
10:59:34, 0, 0.100000, 0, 3
10:59:37, 0, 0.100000, 0, 3
10:59:40, 0, 0.100000, 0, 3
10:59:43, 0, 0.100000, 0, 3
10:59:46, 0, 0.100000, 0, 3
10:59:49, 0, 0.100000, 0, 3
10:59:52, 0, 0.100000, 0, 3
10:59:55, 0, 0.100000, 0, 3
10:59:58, 0, 0.100000, 0, 3
11:0:1, 0, 0.100000, 0, 3
11:0:4, 0, 0.100000, 0, 3
11:0:7, 0, 0.100000, 0, 3
11:0:10, 0, 0.100000, 0, 3
11:0:13, 0, 0.100000, 0, 3
11:0:16, 0, 0.100000, 0, 3
11:0:19, 0, 0.100000, 0, 3
11:0:22, 0, 0.100000, 0, 3
11:0:25, 0, 0.100000, 0, 3
11:0:28, 0, 0.100000, 0, 3
11:0:31, 0, 0.100000, 0, 3
11:0:34, 0, 0.100000, 0, 3
11:0:37, 0, 0.100000, 0, 3
11:0:40, 0, 0.100000, 0, 3
11:0:43, 0, 0.100000, 0, 3
11:0:46, 0, 0.100000, 0, 3
11:0:49, 0, 0.100000, 0, 3
11:0:52, 0, 0.100000, 0, 3
11:0:55, 0, 0.100000, 0, 3
11:0:58, 0, 0.100000, 0, 3
11:1:1, 0, 0.100000, 0, 3
11:1:4, 0, 0.100000, 0, 3
11:1:7, 0, 0.100000, 0, 3
11:1:10, 0, 0.100000, 0, 3
11:1:13, 0, 0.100000, 0, 3
11:1:16, 0, 0.100000, 0, 3
11:1:19, 0, 0.100000, 0, 3
11:1:22, 0, 0.100000, 0, 3
11:1:25, 0, 0.100000, 0, 3
11:1:28, 0, 0.100000, 0, 3
11:1:31, 0, 0.100000, 0, 3
11:1:34, 0, 0.100000, 0, 3
11:1:37, 0, 0.100000, 0, 3
11:1:40, 0, 0.100000, 0, 3
11:1:43, 0, 0.100000, 0, 3
11:1:46, 0, 0.100000, 0, 3
11:1:49, 0, 0.100000, 0, 3
11:1:52, 0, 0.100000, 0, 3
11:1:55, 0, 0.100000, 0, 3
11:1:58, 0, 0.100000, 0, 3
11:2:1, 0, 0.100000, 0, 3
11:2:4, 0, 0.100000, 0, 3
11:2:7, 0, 0.100000, 0, 3
11:2:10, 0, 0.100000, 0, 3
11:2:13, 0, 0.100000, 0, 3
11:2:16, 0, 0.100000, 0, 3
11:2:19, 0, 0.100000, 0, 3
11:2:22, 0, 0.100000, 0, 3
11:2:25, 0, 0.100000, 0, 3
11:2:28, 0, 0.100000, 0, 3
11:2:31, 0, 0.100000, 0, 3
11:2:34, 0, 0.100000, 0, 3
11:2:37, 0, 0.100000, 0, 3
11:2:40, 0, 0.100000, 0, 3
11:2:43, 0, 0.100000, 0, 3
11:2:46, 0, 0.100000, 0, 3
11:2:49, 0, 0.100000, 0, 3
11:2:52, 0, 0.100000, 0, 3
11:2:55, 0, 0.100000, 0, 3
11:2:58, 0, 0.100000, 0, 3
11:3:1, 0, 0.100000, 0, 3
11:3:4, 0, 0.100000, 0, 3
11:3:7, 0, 0.100000, 0, 3
11:3:10, 0, 0.100000, 0, 3
11:3:13, 0, 0.100000, 0, 3
11:3:16, 0, 0.100000, 0, 3
11:3:19, 0, 0.100000, 0, 3
11:3:22, 0, 0.100000, 0, 3
11:3:25, 0, 0.100000, 0, 3
11:3:28, 0, 0.100000, 0, 3
11:3:31, 0, 0.100000, 0, 3
11:3:34, 0, 0.100000, 0, 3
11:3:37, 0, 0.100000, 0, 3
11:3:40, 0, 0.100000, 0, 3
11:3:43, 0, 0.100000, 0, 3
11:3:46, 0, 0.100000, 0, 3
11:3:49, 0, 0.100000, 0, 3
11:3:52, 0, 0.100000, 0, 3
11:3:55, 0, 0.100000, 0, 3
11:3:58, 0, 0.100000, 0, 3
11:4:1, 0, 0.100000, 0, 3
11:4:4, 0, 0.100000, 0, 3
11:4:7, 0, 0.100000, 0, 3
11:4:10, 0, 0.100000, 0, 3
11:4:13, 0, 0.100000, 0, 3
11:4:16, 0, 0.100000, 0, 3
11:4:19, 0, 0.100000, 0, 3
11:4:22, 0, 0.100000, 0, 3
11:4:25, 0, 0.100000, 0, 3
11:4:28, 0, 0.100000, 0, 3
11:4:31, 0, 0.100000, 0, 3
11:4:34, 0, 0.100000, 0, 3
11:4:37, 0, 0.100000, 0, 3
11:4:40, 0, 0.100000, 0, 3
11:4:43, 0, 0.100000, 0, 3
11:4:46, 0, 0.100000, 0, 3
11:4:49, 0, 0.100000, 0, 3
11:4:52, 0, 0.100000, 0, 3
11:4:55, 0, 0.100000, 0, 3
11:4:58, 0, 0.100000, 0, 3
11:5:1, 0, 0.100000, 0, 3
11:5:4, 0, 0.100000, 0, 3
11:5:7, 0, 0.100000, 0, 3
11:5:10, 0, 0.100000, 0, 3
11:5:13, 0, 0.100000, 0, 3
11:5:16, 0, 0.100000, 0, 3
11:5:19, 0, 0.100000, 0, 3
11:5:22, 0, 0.100000, 0, 3
11:5:25, 0, 0.100000, 0, 3
11:5:28, 0, 0.100000, 0, 3
11:5:31, 0, 0.100000, 0, 3
11:5:34, 0, 0.100000, 0, 3
11:5:37, 0, 0.100000, 0, 3
11:5:40, 0, 0.100000, 0, 3
11:5:43, 0, 0.100000, 0, 3
11:5:46, 0, 0.100000, 0, 3
11:5:49, 0, 0.100000, 0, 3
11:5:52, 0, 0.100000, 0, 3
11:5:55, 0, 0.100000, 0, 3
11:5:58, 0, 0.100000, 0, 3
11:6:1, 0, 0.100000, 0, 3
11:6:4, 0, 0.100000, 0, 3
11:6:7, 0, 0.100000, 0, 3
11:6:10, 0, 0.100000, 0, 3
11:6:13, 0, 0.100000, 0, 3
11:6:16, 0, 0.100000, 0, 3
11:6:19, 0, 0.100000, 0, 3
11:6:22, 0, 0.100000, 0, 3
11:6:25, 0, 0.100000, 0, 3
11:6:28, 0, 0.100000, 0, 3
11:6:31, 0, 0.100000, 0, 3
11:6:34, 0, 0.100000, 0, 3
11:6:37, 0, 0.100000, 0, 3
11:6:40, 0, 0.100000, 0, 3
11:6:43, 0, 0.100000, 0, 3
11:6:46, 0, 0.100000, 0, 3
11:6:49, 0, 0.100000, 0, 3
11:6:52, 0, 0.100000, 0, 3
11:6:55, 0, 0.100000, 0, 3
11:6:58, 0, 0.100000, 0, 3
11:7:1, 0, 0.100000, 0, 3
11:7:4, 0, 0.100000, 0, 3
11:7:7, 0, 0.100000, 0, 3
11:7:10, 0, 0.100000, 0, 3
11:7:13, 0, 0.100000, 0, 3
11:7:16, 0, 0.100000, 0, 3
11:7:19, 0, 0.100000, 0, 3
11:7:22, 0, 0.100000, 0, 3
11:7:25, 0, 0.100000, 0, 3
11:7:28, 0, 0.100000, 0, 3
11:7:31, 0, 0.100000, 0, 3
11:7:34, 0, 0.100000, 0, 3
11:7:37, 0, 0.100000, 0, 3
11:7:40, 0, 0.100000, 0, 3
11:7:43, 0, 0.100000, 0, 3
11:7:46, 0, 0.100000, 0, 3
11:7:49, 0, 0.100000, 0, 3
11:7:52, 0, 0.100000, 0, 3
11:7:55, 0, 0.100000, 0, 3
11:7:58, 0, 0.100000, 0, 3
11:8:1, 0, 0.100000, 0, 3
11:8:4, 0, 0.100000, 0, 3
11:8:7, 0, 0.100000, 0, 3
11:8:10, 0, 0.100000, 0, 3
11:8:13, 0, 0.100000, 0, 3
11:8:16, 0, 0.100000, 0, 3
11:8:19, 0, 0.100000, 0, 3
11:8:22, 0, 0.100000, 0, 3
11:8:25, 0, 0.100000, 0, 3
11:8:28, 0, 0.100000, 0, 3
11:8:31, 0, 0.100000, 0, 3
11:8:34, 0, 0.100000, 0, 3
11:8:37, 0, 0.100000, 0, 3
11:8:40, 0, 0.100000, 0, 3
11:8:43, 0, 0.100000, 0, 3
11:8:46, 0, 0.100000, 0, 3
11:8:49, 0, 0.100000, 0, 3
11:8:52, 0, 0.100000, 0, 3
11:8:55, 0, 0.100000, 0, 3
11:8:58, 0, 0.100000, 0, 3
11:9:1, 0, 0.100000, 0, 3
11:9:4, 0, 0.100000, 0, 3
11:9:7, 0, 0.100000, 0, 3
11:9:10, 0, 0.100000, 0, 3
11:9:13, 0, 0.100000, 0, 3
11:9:16, 0, 0.100000, 0, 3
11:9:19, 0, 0.100000, 0, 3
11:9:22, 0, 0.100000, 0, 3
11:9:25, 0, 0.100000, 0, 3
11:9:28, 0, 0.100000, 0, 3
11:9:31, 0, 0.100000, 0, 3
11:9:34, 0, 0.100000, 0, 3
11:9:37, 0, 0.100000, 0, 3
11:9:40, 0, 0.100000, 0, 3
11:9:43, 0, 0.100000, 0, 3
11:9:46, 0, 0.100000, 0, 3
11:9:49, 0, 0.100000, 0, 3
11:9:52, 0, 0.100000, 0, 3
11:9:55, 0, 0.100000, 0, 3
11:9:58, 0, 0.100000, 0, 3
11:10:1, 0, 0.100000, 0, 3
11:10:4, 0, 0.100000, 0, 3
11:10:7, 0, 0.100000, 0, 3
11:10:10, 0, 0.100000, 0, 3
11:10:13, 0, 0.100000, 0, 3
11:10:16, 0, 0.100000, 0, 3
11:10:19, 0, 0.100000, 0, 3
11:10:22, 0, 0.100000, 0, 3
11:10:25, 0, 0.100000, 0, 3
11:10:28, 0, 0.100000, 0, 3
11:10:31, 0, 0.100000, 0, 3
11:10:34, 0, 0.100000, 0, 3
11:10:37, 0, 0.100000, 0, 3
11:10:40, 0, 0.100000, 0, 3
11:10:43, 0, 0.100000, 0, 3
11:10:46, 0, 0.100000, 0, 3
11:10:49, 0, 0.100000, 0, 3
11:10:52, 0, 0.100000, 0, 3
11:10:55, 0, 0.100000, 0, 3
11:10:58, 0, 0.100000, 0, 3
11:11:2, 0, 0.100000, 0, 3
11:11:5, 0, 0.100000, 0, 3
11:11:8, 0, 0.100000, 0, 3
11:11:11, 0, 0.100000, 0, 3
11:11:14, 0, 0.100000, 0, 3
11:11:17, 0, 0.100000, 0, 3
11:11:20, 0, 0.100000, 0, 3
11:11:23, 0, 0.100000, 0, 3
11:11:26, 0, 0.100000, 0, 3
11:11:29, 0, 0.100000, 0, 3
11:11:32, 0, 0.100000, 0, 3
11:11:35, 0, 0.100000, 0, 3
11:11:38, 0, 0.100000, 0, 3
11:11:41, 0, 0.100000, 0, 3
11:11:44, 0, 0.100000, 0, 3
11:11:47, 0, 0.100000, 0, 3
11:11:50, 0, 0.100000, 0, 3
11:11:53, 0, 0.100000, 0, 3
11:11:56, 0, 0.100000, 0, 3
11:11:59, 0, 0.100000, 0, 3
11:12:2, 0, 0.100000, 0, 3
11:12:5, 0, 0.100000, 0, 3
11:12:8, 0, 0.100000, 0, 3
11:12:11, 0, 0.100000, 0, 3
11:12:14, 0, 0.100000, 0, 3
11:12:17, 0, 0.100000, 0, 3
11:12:20, 0, 0.100000, 0, 3
11:12:23, 0, 0.100000, 0, 3
11:12:26, 0, 0.100000, 0, 3
11:12:29, 0, 0.100000, 0, 3
11:12:32, 0, 0.100000, 0, 3
11:12:35, 0, 0.100000, 0, 3
11:12:38, 0, 0.100000, 0, 3
11:12:41, 0, 0.100000, 0, 3
11:12:44, 0, 0.100000, 0, 3
11:12:47, 0, 0.100000, 0, 3
11:12:50, 0, 0.100000, 0, 3
11:12:53, 0, 0.100000, 0, 3
11:12:56, 0, 0.100000, 0, 3
11:12:59, 0, 0.100000, 0, 3
11:13:2, 0, 0.100000, 0, 3
11:13:5, 0, 0.100000, 0, 3
11:13:8, 0, 0.100000, 0, 3
11:13:11, 0, 0.100000, 0, 3
11:13:14, 0, 0.100000, 0, 3
11:13:17, 0, 0.100000, 0, 3
11:13:20, 0, 0.100000, 0, 3
11:13:23, 0, 0.100000, 0, 3
11:13:26, 0, 0.100000, 0, 3
11:13:29, 0, 0.100000, 0, 3
11:13:32, 0, 0.100000, 0, 3
11:13:35, 0, 0.100000, 0, 3
11:13:38, 0, 0.100000, 0, 3
11:13:41, 0, 0.100000, 0, 3
11:13:44, 0, 0.100000, 0, 3
11:13:47, 0, 0.100000, 0, 3
11:13:50, 0, 0.100000, 0, 3
11:13:53, 0, 0.100000, 0, 3
11:13:56, 0, 0.100000, 0, 3
11:13:59, 0, 0.100000, 0, 3
11:14:2, 0, 0.100000, 0, 3
11:14:5, 0, 0.100000, 0, 3
11:14:8, 0, 0.100000, 0, 3
11:14:11, 0, 0.100000, 0, 3
11:14:14, 0, 0.100000, 0, 3
11:14:17, 0, 0.100000, 0, 3
11:14:20, 0, 0.100000, 0, 3
11:14:23, 0, 0.100000, 0, 3
11:14:26, 0, 0.100000, 0, 3
11:14:29, 0, 0.100000, 0, 3
11:14:32, 0, 0.100000, 0, 3
11:14:35, 0, 0.100000, 0, 3
11:14:38, 0, 0.100000, 0, 3
11:14:41, 0, 0.100000, 0, 3
11:14:44, 0, 0.100000, 0, 3
11:14:47, 0, 0.100000, 0, 3
11:14:50, 0, 0.100000, 0, 3
11:14:53, 0, 0.100000, 0, 3
11:14:56, 0, 0.100000, 0, 3
11:14:59, 0, 0.100000, 0, 3
11:15:2, 0, 0.100000, 0, 3
11:15:5, 0, 0.100000, 0, 3
11:15:8, 0, 0.100000, 0, 3
11:15:11, 0, 0.100000, 0, 3
11:15:14, 0, 0.100000, 0, 3
11:15:17, 0, 0.100000, 0, 3
11:15:20, 0, 0.100000, 0, 3
11:15:23, 0, 0.100000, 0, 3
11:15:26, 0, 0.100000, 0, 3
11:15:29, 0, 0.100000, 0, 3
11:15:32, 0, 0.100000, 0, 3
11:15:35, 0, 0.100000, 0, 3
11:15:38, 0, 0.100000, 0, 3
11:15:41, 0, 0.100000, 0, 3
11:15:44, 0, 0.100000, 0, 3
11:15:47, 0, 0.100000, 0, 3
11:15:50, 0, 0.100000, 0, 3
11:15:53, 0, 0.100000, 0, 3
11:15:56, 0, 0.100000, 0, 3
11:15:59, 0, 0.100000, 0, 3
11:16:2, 0, 0.100000, 0, 3
11:16:5, 0, 0.100000, 0, 3
11:16:8, 0, 0.100000, 0, 3
11:16:11, 0, 0.100000, 0, 3
11:16:14, 0, 0.100000, 0, 3
11:16:17, 0, 0.100000, 0, 3
11:16:20, 0, 0.100000, 0, 3
11:16:23, 0, 0.100000, 0, 3
11:16:26, 0, 0.100000, 0, 3
11:16:29, 0, 0.100000, 0, 3
11:16:32, 0, 0.100000, 0, 3
11:16:35, 0, 0.100000, 0, 3
11:16:38, 0, 0.100000, 0, 3
11:16:41, 0, 0.100000, 0, 3
11:16:44, 0, 0.100000, 0, 3
11:16:47, 0, 0.100000, 0, 3
11:16:50, 0, 0.100000, 0, 3
11:16:53, 0, 0.100000, 0, 3
11:16:56, 0, 0.100000, 0, 3
11:16:59, 0, 0.100000, 0, 3
11:17:2, 0, 0.100000, 0, 3
11:17:5, 0, 0.100000, 0, 3
11:17:8, 0, 0.100000, 0, 3
11:17:11, 0, 0.100000, 0, 3
11:17:14, 0, 0.100000, 0, 3
11:17:17, 0, 0.100000, 0, 3
11:17:20, 0, 0.100000, 0, 3
11:17:23, 0, 0.100000, 0, 3
11:17:26, 0, 0.100000, 0, 3
11:17:29, 0, 0.100000, 0, 3
11:17:32, 0, 0.100000, 0, 3
11:17:35, 0, 0.100000, 0, 3
11:17:38, 0, 0.100000, 0, 3
11:17:41, 0, 0.100000, 0, 3
11:17:44, 0, 0.100000, 0, 3
11:17:47, 0, 0.100000, 0, 3
11:17:50, 0, 0.100000, 0, 3
11:17:53, 0, 0.100000, 0, 3
11:17:56, 0, 0.100000, 0, 3
11:17:59, 0, 0.100000, 0, 3
11:18:2, 0, 0.100000, 0, 3
11:18:5, 0, 0.100000, 0, 3
11:18:8, 0, 0.100000, 0, 3
11:18:11, 0, 0.100000, 0, 3
11:18:14, 0, 0.100000, 0, 3
11:18:17, 0, 0.100000, 0, 3
11:18:20, 0, 0.100000, 0, 3
11:18:23, 0, 0.100000, 0, 3
11:18:26, 0, 0.100000, 0, 3
11:18:29, 0, 0.100000, 0, 3
11:18:32, 0, 0.100000, 0, 3
11:18:35, 0, 0.100000, 0, 3
11:18:38, 0, 0.100000, 0, 3
11:18:41, 0, 0.100000, 0, 3
11:18:44, 0, 0.100000, 0, 3
11:18:47, 0, 0.100000, 0, 3
11:18:50, 0, 0.100000, 0, 3
11:18:53, 0, 0.100000, 0, 3
11:18:56, 0, 0.100000, 0, 3
11:18:59, 0, 0.100000, 0, 3
11:19:2, 0, 0.100000, 0, 3
11:19:5, 0, 0.100000, 0, 3
11:19:8, 0, 0.100000, 0, 3
11:19:11, 0, 0.100000, 0, 3
11:19:14, 0, 0.100000, 0, 3
11:19:17, 0, 0.100000, 0, 3
11:19:20, 0, 0.100000, 0, 3
11:19:23, 0, 0.100000, 0, 3
11:19:26, 0, 0.100000, 0, 3
11:19:29, 0, 0.100000, 0, 3
11:19:32, 0, 0.100000, 0, 3
11:19:35, 0, 0.100000, 0, 3
11:19:38, 0, 0.100000, 0, 3
11:19:41, 0, 0.100000, 0, 3
11:19:44, 0, 0.100000, 0, 3
11:19:47, 0, 0.100000, 0, 3
11:19:50, 0, 0.100000, 0, 3
11:19:53, 0, 0.100000, 0, 3
11:19:56, 0, 0.100000, 0, 3
11:19:59, 0, 0.100000, 0, 3
11:20:2, 0, 0.100000, 0, 3
11:20:5, 0, 0.100000, 0, 3
11:20:8, 0, 0.100000, 0, 3
11:20:11, 0, 0.100000, 0, 3
11:20:14, 0, 0.100000, 0, 3
11:20:17, 0, 0.100000, 0, 3
11:20:20, 0, 0.100000, 0, 3
11:20:23, 0, 0.100000, 0, 3
11:20:26, 0, 0.100000, 0, 3
11:20:29, 0, 0.100000, 0, 3
11:20:32, 0, 0.100000, 0, 3
11:20:35, 0, 0.100000, 0, 3
11:20:38, 0, 0.100000, 0, 3
11:20:41, 0, 0.100000, 0, 3
11:20:44, 0, 0.100000, 0, 3
11:20:47, 0, 0.100000, 0, 3
11:20:50, 0, 0.100000, 0, 3
11:20:53, 0, 0.100000, 0, 3
11:20:56, 0, 0.100000, 0, 3
11:20:59, 0, 0.100000, 0, 3
11:21:2, 0, 0.100000, 0, 3
11:21:5, 0, 0.100000, 0, 3
11:21:8, 0, 0.100000, 0, 3
11:21:11, 0, 0.100000, 0, 3
11:21:14, 0, 0.100000, 0, 3
11:21:17, 0, 0.100000, 0, 3
11:21:20, 0, 0.100000, 0, 3
11:21:23, 0, 0.100000, 0, 3
11:21:26, 0, 0.100000, 0, 3
11:21:29, 0, 0.100000, 0, 3
11:21:32, 0, 0.100000, 0, 3
11:21:35, 0, 0.100000, 0, 3
11:21:38, 0, 0.100000, 0, 3
11:21:41, 0, 0.100000, 0, 3
11:21:44, 0, 0.100000, 0, 3
11:21:47, 0, 0.100000, 0, 3
11:21:50, 0, 0.100000, 0, 3
11:21:53, 0, 0.100000, 0, 3
11:21:56, 0, 0.100000, 0, 3
11:21:59, 0, 0.100000, 0, 3
11:22:2, 0, 0.100000, 0, 3
11:22:5, 0, 0.100000, 0, 3
11:22:8, 0, 0.100000, 0, 3
11:22:11, 0, 0.100000, 0, 3
11:22:14, 0, 0.100000, 0, 3
11:22:17, 0, 0.100000, 0, 3
11:22:20, 0, 0.100000, 0, 3
11:22:23, 0, 0.100000, 0, 3
11:22:26, 0, 0.100000, 0, 3
11:22:29, 0, 0.100000, 0, 3
11:22:32, 0, 0.100000, 0, 3
11:22:35, 0, 0.100000, 0, 3
11:22:39, 0, 0.100000, 0, 3
11:22:42, 0, 0.100000, 0, 3
11:22:45, 0, 0.100000, 0, 3
11:22:48, 0, 0.100000, 0, 3
11:22:51, 0, 0.100000, 0, 3
11:22:54, 0, 0.100000, 0, 3
11:22:57, 0, 0.100000, 0, 3
11:23:0, 0, 0.100000, 0, 3
11:23:3, 0, 0.100000, 0, 3
11:23:6, 0, 0.100000, 0, 3
11:23:9, 0, 0.100000, 0, 3
11:23:12, 0, 0.100000, 0, 3
11:23:15, 0, 0.100000, 0, 3
11:23:18, 0, 0.100000, 0, 3
11:23:21, 0, 0.100000, 0, 3
11:23:24, 0, 0.100000, 0, 3
11:23:27, 0, 0.100000, 0, 3
11:23:30, 0, 0.100000, 0, 3
11:23:33, 0, 0.100000, 0, 3
11:23:36, 0, 0.100000, 0, 3
11:23:39, 0, 0.100000, 0, 3
11:23:42, 0, 0.100000, 0, 3
11:23:45, 0, 0.100000, 0, 3
11:23:48, 0, 0.100000, 0, 3
11:23:51, 0, 0.100000, 0, 3
11:23:54, 0, 0.100000, 0, 3
11:23:57, 0, 0.100000, 0, 3
11:24:0, 0, 0.100000, 0, 3
11:24:3, 0, 0.100000, 0, 3
11:24:6, 0, 0.100000, 0, 3
11:24:9, 0, 0.100000, 0, 3
11:24:12, 0, 0.100000, 0, 3
11:24:15, 0, 0.100000, 0, 3
11:24:18, 0, 0.100000, 0, 3
11:24:21, 0, 0.100000, 0, 3
11:24:24, 0, 0.100000, 0, 3
11:24:27, 0, 0.100000, 0, 3
11:24:30, 0, 0.100000, 0, 3
11:24:33, 0, 0.100000, 0, 3
11:24:36, 0, 0.100000, 0, 3
11:24:39, 0, 0.100000, 0, 3
11:24:42, 0, 0.100000, 0, 3
11:24:45, 0, 0.100000, 0, 3
11:24:48, 0, 0.100000, 0, 3
11:24:51, 0, 0.100000, 0, 3
11:24:54, 0, 0.100000, 0, 3
11:24:57, 0, 0.100000, 0, 3
11:25:0, 0, 0.100000, 0, 3
11:25:3, 0, 0.100000, 0, 3
11:25:6, 0, 0.100000, 0, 3
11:25:9, 0, 0.100000, 0, 3
11:25:12, 0, 0.100000, 0, 3
11:25:15, 0, 0.100000, 0, 3
11:25:18, 0, 0.100000, 0, 3
11:25:21, 0, 0.100000, 0, 3
11:25:24, 0, 0.100000, 0, 3
11:25:27, 0, 0.100000, 0, 3
11:25:30, 0, 0.100000, 0, 3
11:25:33, 0, 0.100000, 0, 3
11:25:36, 0, 0.100000, 0, 3
11:25:39, 0, 0.100000, 0, 3
11:25:42, 0, 0.100000, 0, 3
11:25:45, 0, 0.100000, 0, 3
11:25:48, 0, 0.100000, 0, 3
11:25:51, 0, 0.100000, 0, 3
11:25:54, 0, 0.100000, 0, 3
11:25:57, 0, 0.100000, 0, 3
11:26:0, 0, 0.100000, 0, 3
11:26:3, 0, 0.100000, 0, 3
11:26:6, 0, 0.100000, 0, 3
11:26:9, 0, 0.100000, 0, 3
11:26:12, 0, 0.100000, 0, 3
11:26:15, 0, 0.100000, 0, 3
11:26:18, 0, 0.100000, 0, 3
11:26:21, 0, 0.100000, 0, 3
11:26:24, 0, 0.100000, 0, 3
11:26:27, 0, 0.100000, 0, 3
11:26:30, 0, 0.100000, 0, 3
11:26:33, 0, 0.100000, 0, 3
11:26:36, 0, 0.100000, 0, 3
11:26:39, 0, 0.100000, 0, 3
11:26:42, 0, 0.100000, 0, 3
11:26:45, 0, 0.100000, 0, 3
11:26:48, 0, 0.100000, 0, 3
11:26:51, 0, 0.100000, 0, 3
11:26:54, 0, 0.100000, 0, 3
11:26:57, 0, 0.100000, 0, 3
11:27:0, 0, 0.100000, 0, 3
11:27:3, 0, 0.100000, 0, 3
11:27:6, 0, 0.100000, 0, 3
11:27:9, 0, 0.100000, 0, 3
11:27:12, 0, 0.100000, 0, 3
11:27:15, 0, 0.100000, 0, 3
11:27:18, 0, 0.100000, 0, 3
11:27:21, 0, 0.100000, 0, 3
11:27:24, 0, 0.100000, 0, 3
11:27:27, 0, 0.100000, 0, 3
11:27:30, 0, 0.100000, 0, 3
11:27:33, 0, 0.100000, 0, 3
11:27:36, 0, 0.100000, 0, 3
11:27:39, 0, 0.100000, 0, 3
11:27:42, 0, 0.100000, 0, 3
11:27:45, 0, 0.100000, 0, 3
11:27:48, 0, 0.100000, 0, 3
11:27:51, 0, 0.100000, 0, 3
11:27:54, 0, 0.100000, 0, 3
11:27:57, 0, 0.100000, 0, 3
11:28:0, 0, 0.100000, 0, 3
11:28:3, 0, 0.100000, 0, 3
11:28:6, 0, 0.100000, 0, 3
11:28:9, 0, 0.100000, 0, 3
11:28:12, 0, 0.100000, 0, 3
11:28:15, 0, 0.100000, 0, 3
11:28:18, 0, 0.100000, 0, 3
11:28:21, 0, 0.100000, 0, 3
11:28:24, 0, 0.100000, 0, 3
11:28:27, 0, 0.100000, 0, 3
11:28:30, 0, 0.100000, 0, 3
11:28:33, 0, 0.100000, 0, 3
11:28:36, 0, 0.100000, 0, 3
11:28:39, 0, 0.100000, 0, 3
11:28:42, 0, 0.100000, 0, 3
11:28:45, 0, 0.100000, 0, 3
11:28:48, 0, 0.100000, 0, 3
11:28:51, 0, 0.100000, 0, 3
11:28:54, 0, 0.100000, 0, 3
11:28:57, 0, 0.100000, 0, 3
11:29:0, 0, 0.100000, 0, 3
11:29:3, 0, 0.100000, 0, 3
11:29:6, 0, 0.100000, 0, 3
11:29:9, 0, 0.100000, 0, 3
11:29:12, 0, 0.100000, 0, 3
11:29:15, 0, 0.100000, 0, 3
11:29:18, 0, 0.100000, 0, 3
11:29:21, 0, 0.100000, 0, 3
11:29:24, 0, 0.100000, 0, 3
11:29:27, 0, 0.100000, 0, 3
11:29:30, 0, 0.100000, 0, 3
11:29:33, 0, 0.100000, 0, 3
11:29:36, 0, 0.100000, 0, 3
11:29:39, 0, 0.100000, 0, 3
11:29:42, 0, 0.100000, 0, 3
11:29:45, 0, 0.100000, 0, 3
11:29:48, 0, 0.100000, 0, 3
11:29:51, 0, 0.100000, 0, 3
11:29:54, 0, 0.100000, 0, 3
11:29:57, 0, 0.100000, 0, 3
11:30:0, 0, 0.100000, 0, 3
11:30:3, 0, 0.100000, 0, 3
11:30:6, 0, 0.100000, 0, 3
11:30:9, 0, 0.100000, 0, 3
11:30:12, 0, 0.100000, 0, 3
11:30:15, 0, 0.100000, 0, 3
11:30:18, 0, 0.100000, 0, 3
11:30:21, 0, 0.100000, 0, 3
11:30:24, 0, 0.100000, 0, 3
11:30:27, 0, 0.100000, 0, 3
11:30:30, 0, 0.100000, 0, 3
11:30:33, 0, 0.100000, 0, 3
11:30:36, 0, 0.100000, 0, 3
11:30:39, 0, 0.100000, 0, 3
11:30:42, 0, 0.100000, 0, 3
11:30:45, 0, 0.100000, 0, 3
11:30:48, 0, 0.100000, 0, 3
11:30:51, 0, 0.100000, 0, 3
11:30:54, 0, 0.100000, 0, 3
11:30:57, 0, 0.100000, 0, 3
11:31:0, 0, 0.100000, 0, 3
11:31:3, 0, 0.100000, 0, 3
11:31:6, 0, 0.100000, 0, 3
11:31:9, 0, 0.100000, 0, 3
11:31:12, 0, 0.100000, 0, 3
11:31:15, 0, 0.100000, 0, 3
11:31:18, 0, 0.100000, 0, 3
11:31:21, 0, 0.100000, 0, 3
11:31:24, 0, 0.100000, 0, 3
11:31:27, 0, 0.100000, 0, 3
11:31:30, 0, 0.100000, 0, 3
11:31:33, 0, 0.100000, 0, 3
11:31:36, 0, 0.100000, 0, 3
11:31:39, 0, 0.100000, 0, 3
11:31:42, 0, 0.100000, 0, 3
11:31:45, 0, 0.100000, 0, 3
11:31:48, 0, 0.100000, 0, 3
11:31:51, 0, 0.100000, 0, 3
11:31:54, 0, 0.100000, 0, 3
11:31:57, 0, 0.100000, 0, 3
11:32:0, 0, 0.100000, 0, 3
11:32:3, 0, 0.100000, 0, 3
11:32:6, 0, 0.100000, 0, 3
11:32:9, 0, 0.100000, 0, 3
11:32:12, 0, 0.100000, 0, 3
11:32:15, 0, 0.100000, 0, 3
11:32:18, 0, 0.100000, 0, 3
11:32:21, 0, 0.100000, 0, 3
11:32:24, 0, 0.100000, 0, 3
11:32:27, 0, 0.100000, 0, 3
11:32:30, 0, 0.100000, 0, 3
11:32:33, 0, 0.100000, 0, 3
11:32:36, 0, 0.100000, 0, 3
11:32:39, 0, 0.100000, 0, 3
11:32:42, 0, 0.100000, 0, 3
11:32:45, 0, 0.100000, 0, 3
11:32:48, 0, 0.100000, 0, 3
11:32:51, 0, 0.100000, 0, 3
11:32:54, 0, 0.100000, 0, 3
11:32:57, 0, 0.100000, 0, 3
11:33:0, 0, 0.100000, 0, 3
11:33:3, 0, 0.100000, 0, 3
11:33:6, 0, 0.100000, 0, 3
11:33:9, 0, 0.100000, 0, 3
11:33:12, 0, 0.100000, 0, 3
11:33:15, 0, 0.100000, 0, 3
11:33:18, 0, 0.100000, 0, 3
11:33:21, 0, 0.100000, 0, 3
11:33:24, 0, 0.100000, 0, 3
11:33:27, 0, 0.100000, 0, 3
11:33:30, 0, 0.100000, 0, 3
11:33:33, 0, 0.100000, 0, 3
11:33:36, 0, 0.100000, 0, 3
11:33:39, 0, 0.100000, 0, 3
11:33:42, 0, 0.100000, 0, 3
11:33:45, 0, 0.100000, 0, 3
11:33:48, 0, 0.100000, 0, 3
11:33:51, 0, 0.100000, 0, 3
11:33:54, 0, 0.100000, 0, 3
11:33:57, 0, 0.100000, 0, 3
11:34:0, 0, 0.100000, 0, 3
11:34:3, 0, 0.100000, 0, 3
11:34:6, 0, 0.100000, 0, 3
11:34:9, 0, 0.100000, 0, 3
11:34:13, 0, 0.100000, 0, 3
11:34:16, 0, 0.100000, 0, 3
11:34:19, 0, 0.100000, 0, 3
11:34:22, 0, 0.100000, 0, 3
11:34:25, 0, 0.100000, 0, 3
11:34:28, 0, 0.100000, 0, 3
11:34:31, 0, 0.100000, 0, 3
11:34:34, 0, 0.100000, 0, 3
11:34:37, 0, 0.100000, 0, 3
11:34:40, 0, 0.100000, 0, 3
11:34:43, 0, 0.100000, 0, 3
11:34:46, 0, 0.100000, 0, 3
11:34:49, 0, 0.100000, 0, 3
11:34:52, 0, 0.100000, 0, 3
11:34:55, 0, 0.100000, 0, 3
11:34:58, 0, 0.100000, 0, 3
11:35:1, 0, 0.100000, 0, 3
11:35:4, 0, 0.100000, 0, 3
11:35:7, 0, 0.100000, 0, 3
11:35:10, 0, 0.100000, 0, 3
11:35:13, 0, 0.100000, 0, 3
11:35:16, 0, 0.100000, 0, 3
11:35:19, 0, 0.100000, 0, 3
11:35:22, 0, 0.100000, 0, 3
11:35:25, 0, 0.100000, 0, 3
11:35:28, 0, 0.100000, 0, 3
11:35:31, 0, 0.100000, 0, 3
11:35:34, 0, 0.100000, 0, 3
11:35:37, 0, 0.100000, 0, 3
11:35:40, 0, 0.100000, 0, 3
11:35:43, 0, 0.100000, 0, 3
11:35:46, 0, 0.100000, 0, 3
11:35:49, 0, 0.100000, 0, 3
11:35:52, 0, 0.100000, 0, 3
11:35:55, 0, 0.100000, 0, 3
11:35:58, 0, 0.100000, 0, 3
11:36:1, 0, 0.100000, 0, 3
11:36:4, 0, 0.100000, 0, 3
11:36:7, 0, 0.100000, 0, 3
11:36:10, 0, 0.100000, 0, 3
11:36:13, 0, 0.100000, 0, 3
11:36:16, 0, 0.100000, 0, 3
11:36:19, 0, 0.100000, 0, 3
11:36:22, 0, 0.100000, 0, 3
11:36:25, 0, 0.100000, 0, 3
11:36:28, 0, 0.100000, 0, 3
11:36:31, 0, 0.100000, 0, 3
11:36:34, 0, 0.100000, 0, 3
11:36:37, 0, 0.100000, 0, 3
11:36:40, 0, 0.100000, 0, 3
11:36:43, 0, 0.100000, 0, 3
11:36:46, 0, 0.100000, 0, 3
11:36:49, 0, 0.100000, 0, 3
11:36:52, 0, 0.100000, 0, 3
11:36:55, 0, 0.100000, 0, 3
11:36:58, 0, 0.100000, 0, 3
11:37:1, 0, 0.100000, 0, 3
11:37:4, 0, 0.100000, 0, 3
11:37:7, 0, 0.100000, 0, 3
11:37:10, 0, 0.100000, 0, 3
11:37:13, 0, 0.100000, 0, 3
11:37:16, 0, 0.100000, 0, 3
11:37:19, 0, 0.100000, 0, 3
11:37:22, 0, 0.100000, 0, 3
11:37:25, 0, 0.100000, 0, 3
11:37:28, 0, 0.100000, 0, 3
11:37:31, 0, 0.100000, 0, 3
11:37:34, 0, 0.100000, 0, 3
11:37:37, 0, 0.100000, 0, 3
11:37:40, 0, 0.100000, 0, 3
11:37:43, 0, 0.100000, 0, 3
11:37:46, 0, 0.100000, 0, 3
11:37:49, 0, 0.100000, 0, 3
11:37:52, 0, 0.100000, 0, 3
11:37:55, 0, 0.100000, 0, 3
11:37:58, 0, 0.100000, 0, 3
11:38:1, 0, 0.100000, 0, 3
11:38:4, 0, 0.100000, 0, 3
11:38:7, 0, 0.100000, 0, 3
11:38:10, 0, 0.100000, 0, 3
11:38:13, 0, 0.100000, 0, 3
11:38:16, 0, 0.100000, 0, 3
11:38:19, 0, 0.100000, 0, 3
11:38:22, 0, 0.100000, 0, 3
11:38:25, 0, 0.100000, 0, 3
11:38:28, 0, 0.100000, 0, 3
11:38:31, 0, 0.100000, 0, 3
11:38:34, 0, 0.100000, 0, 3
11:38:37, 0, 0.100000, 0, 3
11:38:40, 0, 0.100000, 0, 3
11:38:43, 0, 0.100000, 0, 3
11:38:46, 0, 0.100000, 0, 3
11:38:49, 0, 0.100000, 0, 3
11:38:52, 0, 0.100000, 0, 3
11:38:55, 0, 0.100000, 0, 3
11:38:58, 0, 0.100000, 0, 3
11:39:1, 0, 0.100000, 0, 3
11:39:4, 0, 0.100000, 0, 3
11:39:7, 0, 0.100000, 0, 3
11:39:10, 0, 0.100000, 0, 3
11:39:13, 0, 0.100000, 0, 3
11:39:16, 0, 0.100000, 0, 3
11:39:19, 0, 0.100000, 0, 3
11:39:22, 0, 0.100000, 0, 3
11:39:25, 0, 0.100000, 0, 3
11:39:28, 0, 0.100000, 0, 3
11:39:31, 0, 0.100000, 0, 3
11:39:34, 0, 0.100000, 0, 3
11:39:37, 0, 0.100000, 0, 3
11:39:40, 0, 0.100000, 0, 3
11:39:43, 0, 0.100000, 0, 3
11:39:46, 0, 0.100000, 0, 3
11:39:49, 0, 0.100000, 0, 3
11:39:52, 0, 0.100000, 0, 3
11:39:55, 0, 0.100000, 0, 3
11:39:58, 0, 0.100000, 0, 3
11:40:1, 0, 0.100000, 0, 3
11:40:4, 0, 0.100000, 0, 3
11:40:7, 0, 0.100000, 0, 3
11:40:10, 0, 0.100000, 0, 3
11:40:13, 0, 0.100000, 0, 3
11:40:16, 0, 0.100000, 0, 3
11:40:19, 0, 0.100000, 0, 3
11:40:22, 0, 0.100000, 0, 3
11:40:25, 0, 0.100000, 0, 3
11:40:28, 0, 0.100000, 0, 3
11:40:31, 0, 0.100000, 0, 3
11:40:34, 0, 0.100000, 0, 3
11:40:37, 0, 0.100000, 0, 3
11:40:40, 0, 0.100000, 0, 3
11:40:43, 0, 0.100000, 0, 3
11:40:46, 0, 0.100000, 0, 3
11:40:49, 0, 0.100000, 0, 3
11:40:52, 0, 0.100000, 0, 3
11:40:55, 0, 0.100000, 0, 3
11:40:58, 0, 0.100000, 0, 3
11:41:1, 0, 0.100000, 0, 3
11:41:4, 0, 0.100000, 0, 3
11:41:7, 0, 0.100000, 0, 3
11:41:10, 0, 0.100000, 0, 3
11:41:13, 0, 0.100000, 0, 3
11:41:16, 0, 0.100000, 0, 3
11:41:19, 0, 0.100000, 0, 3
11:41:22, 0, 0.100000, 0, 3
11:41:25, 0, 0.100000, 0, 3
11:41:28, 0, 0.100000, 0, 3
11:41:31, 0, 0.100000, 0, 3
11:41:34, 0, 0.100000, 0, 3
11:41:37, 0, 0.100000, 0, 3
11:41:40, 0, 0.100000, 0, 3
11:41:43, 0, 0.100000, 0, 3
11:41:46, 0, 0.100000, 0, 3
11:41:49, 0, 0.100000, 0, 3
11:41:52, 0, 0.100000, 0, 3
11:41:55, 0, 0.100000, 0, 3
11:41:58, 0, 0.100000, 0, 3
11:42:1, 0, 0.100000, 0, 3
11:42:4, 0, 0.100000, 0, 3
11:42:7, 0, 0.100000, 0, 3
11:42:10, 0, 0.100000, 0, 3
11:42:13, 0, 0.100000, 0, 3
11:42:16, 0, 0.100000, 0, 3
11:42:19, 0, 0.100000, 0, 3
11:42:22, 0, 0.100000, 0, 3
11:42:25, 0, 0.100000, 0, 3
11:42:28, 0, 0.100000, 0, 3
11:42:31, 0, 0.100000, 0, 3
11:42:34, 0, 0.100000, 0, 3
11:42:37, 0, 0.100000, 0, 3
11:42:40, 0, 0.100000, 0, 3
11:42:43, 0, 0.100000, 0, 3
11:42:46, 0, 0.100000, 0, 3
11:42:49, 0, 0.100000, 0, 3
11:42:52, 0, 0.100000, 0, 3
11:42:55, 0, 0.100000, 0, 3
11:42:58, 0, 0.100000, 0, 3
11:43:1, 0, 0.100000, 0, 3
11:43:4, 0, 0.100000, 0, 3
11:43:7, 0, 0.100000, 0, 3
11:43:10, 0, 0.100000, 0, 3
11:43:13, 0, 0.100000, 0, 3
11:43:16, 0, 0.100000, 0, 3
11:43:19, 0, 0.100000, 0, 3
11:43:22, 0, 0.100000, 0, 3
11:43:25, 0, 0.100000, 0, 3
11:43:28, 0, 0.100000, 0, 3
11:43:31, 0, 0.100000, 0, 3
11:43:34, 0, 0.100000, 0, 3
11:43:37, 0, 0.100000, 0, 3
11:43:40, 0, 0.100000, 0, 3
11:43:43, 0, 0.100000, 0, 3
11:43:46, 0, 0.100000, 0, 3
11:43:49, 0, 0.100000, 0, 3
11:43:52, 0, 0.100000, 0, 3
11:43:55, 0, 0.100000, 0, 3
11:43:58, 0, 0.100000, 0, 3
11:44:1, 0, 0.100000, 0, 3
11:44:4, 0, 0.100000, 0, 3
11:44:7, 0, 0.100000, 0, 3
11:44:10, 0, 0.100000, 0, 3
11:44:13, 0, 0.100000, 0, 3
11:44:16, 0, 0.100000, 0, 3
11:44:19, 0, 0.100000, 0, 3
11:44:22, 0, 0.100000, 0, 3
11:44:25, 0, 0.100000, 0, 3
11:44:28, 0, 0.100000, 0, 3
11:44:31, 0, 0.100000, 0, 3
11:44:34, 0, 0.100000, 0, 3
11:44:37, 0, 0.100000, 0, 3
11:44:40, 0, 0.100000, 0, 3
11:44:43, 0, 0.100000, 0, 3
11:44:46, 0, 0.100000, 0, 3
11:44:49, 0, 0.100000, 0, 3
11:44:52, 0, 0.100000, 0, 3
11:44:55, 0, 0.100000, 0, 3
11:44:58, 0, 0.100000, 0, 3
11:45:1, 0, 0.100000, 0, 3
11:45:4, 0, 0.100000, 0, 3
11:45:7, 0, 0.100000, 0, 3
11:45:10, 0, 0.100000, 0, 3
11:45:14, 0, 0.100000, 0, 3
11:45:17, 0, 0.100000, 0, 3
11:45:20, 0, 0.100000, 0, 3
11:45:23, 0, 0.100000, 0, 3
11:45:26, 0, 0.100000, 0, 3
11:45:29, 0, 0.100000, 0, 3
11:45:32, 0, 0.100000, 0, 3
11:45:35, 0, 0.100000, 0, 3
11:45:38, 0, 0.100000, 0, 3
11:45:41, 0, 0.100000, 0, 3
11:45:44, 0, 0.100000, 0, 3
11:45:47, 0, 0.100000, 0, 3
11:45:50, 0, 0.100000, 0, 3
11:45:53, 0, 0.100000, 0, 3
11:45:56, 0, 0.100000, 0, 3
11:45:59, 0, 0.100000, 0, 3
11:46:2, 0, 0.100000, 0, 3
11:46:5, 0, 0.100000, 0, 3
11:46:8, 0, 0.100000, 0, 3
11:46:11, 0, 0.100000, 0, 3
11:46:14, 0, 0.100000, 0, 3
11:46:17, 0, 0.100000, 0, 3
11:46:20, 0, 0.100000, 0, 3
11:46:23, 0, 0.100000, 0, 3
11:46:26, 0, 0.100000, 0, 3
11:46:29, 0, 0.100000, 0, 3
11:46:32, 0, 0.100000, 0, 3
11:46:35, 0, 0.100000, 0, 3
11:46:38, 0, 0.100000, 0, 3
11:46:41, 0, 0.100000, 0, 3
11:46:44, 0, 0.100000, 0, 3
11:46:47, 0, 0.100000, 0, 3
11:46:50, 0, 0.100000, 0, 3
11:46:53, 0, 0.100000, 0, 3
11:46:56, 0, 0.100000, 0, 3
11:46:59, 0, 0.100000, 0, 3
11:47:2, 0, 0.100000, 0, 3
11:47:5, 0, 0.100000, 0, 3
11:47:8, 0, 0.100000, 0, 3
11:47:11, 0, 0.100000, 0, 3
11:47:14, 0, 0.100000, 0, 3
11:47:17, 0, 0.100000, 0, 3
11:47:20, 0, 0.100000, 0, 3
11:47:23, 0, 0.100000, 0, 3
11:47:26, 0, 0.100000, 0, 3
11:47:29, 0, 0.100000, 0, 3
11:47:32, 0, 0.100000, 0, 3
11:47:35, 0, 0.100000, 0, 3
11:47:38, 0, 0.100000, 0, 3
11:47:41, 0, 0.100000, 0, 3
11:47:44, 0, 0.100000, 0, 3
11:47:47, 0, 0.100000, 0, 3
11:47:50, 0, 0.100000, 0, 3
11:47:53, 0, 0.100000, 0, 3
11:47:56, 0, 0.100000, 0, 3
11:47:59, 0, 0.100000, 0, 3
11:48:2, 0, 0.100000, 0, 3
11:48:5, 0, 0.100000, 0, 3
11:48:8, 0, 0.100000, 0, 3
11:48:11, 0, 0.100000, 0, 3
11:48:14, 0, 0.100000, 0, 3
11:48:17, 0, 0.100000, 0, 3
11:48:20, 0, 0.100000, 0, 3
11:48:23, 0, 0.100000, 0, 3
11:48:26, 0, 0.100000, 0, 3
11:48:29, 0, 0.100000, 0, 3
11:48:32, 0, 0.100000, 0, 3
11:48:35, 0, 0.100000, 0, 3
11:48:38, 0, 0.100000, 0, 3
11:48:41, 0, 0.100000, 0, 3
11:48:44, 0, 0.100000, 0, 3
11:48:47, 0, 0.100000, 0, 3
11:48:50, 0, 0.100000, 0, 3
11:48:53, 0, 0.100000, 0, 3
11:48:56, 0, 0.100000, 0, 3
11:48:59, 0, 0.100000, 0, 3
11:49:2, 0, 0.100000, 0, 3
11:49:5, 0, 0.100000, 0, 3
11:49:8, 0, 0.100000, 0, 3
11:49:11, 0, 0.100000, 0, 3
11:49:14, 0, 0.100000, 0, 3
11:49:17, 0, 0.100000, 0, 3
11:49:20, 0, 0.100000, 0, 3
11:49:23, 0, 0.100000, 0, 3
11:49:26, 0, 0.100000, 0, 3
11:49:29, 0, 0.100000, 0, 3
11:49:32, 0, 0.100000, 0, 3
11:49:35, 0, 0.100000, 0, 3
11:49:38, 0, 0.100000, 0, 3
11:49:41, 0, 0.100000, 0, 3
11:49:44, 0, 0.100000, 0, 3
11:49:47, 0, 0.100000, 0, 3
11:49:50, 0, 0.100000, 0, 3
11:49:53, 0, 0.100000, 0, 3
11:49:56, 0, 0.100000, 0, 3
11:49:59, 0, 0.100000, 0, 3
11:50:2, 0, 0.100000, 0, 3
11:50:5, 0, 0.100000, 0, 3
11:50:8, 0, 0.100000, 0, 3
11:50:11, 0, 0.100000, 0, 3
11:50:14, 0, 0.100000, 0, 3
11:50:17, 0, 0.100000, 0, 3
11:50:20, 0, 0.100000, 0, 3
11:50:23, 0, 0.100000, 0, 3
11:50:26, 0, 0.100000, 0, 3
11:50:29, 0, 0.100000, 0, 3
11:50:32, 0, 0.100000, 0, 3
11:50:35, 0, 0.100000, 0, 3
11:50:38, 0, 0.100000, 0, 3
11:50:41, 0, 0.100000, 0, 3
11:50:44, 0, 0.100000, 0, 3
11:50:47, 0, 0.100000, 0, 3
11:50:50, 0, 0.100000, 0, 3
11:50:53, 0, 0.100000, 0, 3
11:50:56, 0, 0.100000, 0, 3
11:50:59, 0, 0.100000, 0, 3
11:51:2, 0, 0.100000, 0, 3
11:51:5, 0, 0.100000, 0, 3
11:51:8, 0, 0.100000, 0, 3
11:51:11, 0, 0.100000, 0, 3
11:51:14, 0, 0.100000, 0, 3
11:51:17, 0, 0.100000, 0, 3
11:51:20, 0, 0.100000, 0, 3
11:51:23, 0, 0.100000, 0, 3
11:51:26, 0, 0.100000, 0, 3
11:51:29, 0, 0.100000, 0, 3
11:51:32, 0, 0.100000, 0, 3
11:51:35, 0, 0.100000, 0, 3
11:51:38, 0, 0.100000, 0, 3
11:51:41, 0, 0.100000, 0, 3
11:51:44, 0, 0.100000, 0, 3
11:51:47, 0, 0.100000, 0, 3
11:51:50, 0, 0.100000, 0, 3
11:51:53, 0, 0.100000, 0, 3
11:51:56, 0, 0.100000, 0, 3
11:51:59, 0, 0.100000, 0, 3
11:52:2, 0, 0.100000, 0, 3
11:52:5, 0, 0.100000, 0, 3
11:52:8, 0, 0.100000, 0, 3
11:52:11, 0, 0.100000, 0, 3
11:52:14, 0, 0.100000, 0, 3
11:52:17, 0, 0.100000, 0, 3
11:52:20, 0, 0.100000, 0, 3
11:52:23, 0, 0.100000, 0, 3
11:52:26, 0, 0.100000, 0, 3
11:52:29, 0, 0.100000, 0, 3
11:52:32, 0, 0.100000, 0, 3
11:52:35, 0, 0.100000, 0, 3
11:52:38, 0, 0.100000, 0, 3
11:52:41, 0, 0.100000, 0, 3
11:52:44, 0, 0.100000, 0, 3
11:52:47, 0, 0.100000, 0, 3
11:52:50, 0, 0.100000, 0, 3
11:52:53, 0, 0.100000, 0, 3
11:52:56, 0, 0.100000, 0, 3
11:52:59, 0, 0.100000, 0, 3
11:53:2, 0, 0.100000, 0, 3
11:53:5, 0, 0.100000, 0, 3
11:53:8, 0, 0.100000, 0, 3
11:53:11, 0, 0.100000, 0, 3
11:53:14, 0, 0.100000, 0, 3
11:53:17, 0, 0.100000, 0, 3
11:53:20, 0, 0.100000, 0, 3
11:53:23, 0, 0.100000, 0, 3
11:53:26, 0, 0.100000, 0, 3
11:53:29, 0, 0.100000, 0, 3
11:53:32, 0, 0.100000, 0, 3
11:53:35, 0, 0.100000, 0, 3
11:53:38, 0, 0.100000, 0, 3
11:53:41, 0, 0.100000, 0, 3
11:53:44, 0, 0.100000, 0, 3
11:53:47, 0, 0.100000, 0, 3
11:53:50, 0, 0.100000, 0, 3
11:53:53, 0, 0.100000, 0, 3
11:53:56, 0, 0.100000, 0, 3
11:53:59, 0, 0.100000, 0, 3
11:54:2, 0, 0.100000, 0, 3
11:54:5, 0, 0.100000, 0, 3
11:54:8, 0, 0.100000, 0, 3
11:54:11, 0, 0.100000, 0, 3
11:54:14, 0, 0.100000, 0, 3
11:54:17, 0, 0.100000, 0, 3
11:54:20, 0, 0.100000, 0, 3
11:54:23, 0, 0.100000, 0, 3
11:54:26, 0, 0.100000, 0, 3
11:54:29, 0, 0.100000, 0, 3
11:54:32, 0, 0.100000, 0, 3
11:54:35, 0, 0.100000, 0, 3
11:54:38, 0, 0.100000, 0, 3
11:54:41, 0, 0.100000, 0, 3
11:54:44, 0, 0.100000, 0, 3
11:54:47, 0, 0.100000, 0, 3
11:54:50, 0, 0.100000, 0, 3
11:54:53, 0, 0.100000, 0, 3
11:54:56, 0, 0.100000, 0, 3
11:54:59, 0, 0.100000, 0, 3
11:55:2, 0, 0.100000, 0, 3
11:55:5, 0, 0.100000, 0, 3
11:55:8, 0, 0.100000, 0, 3
11:55:11, 0, 0.100000, 0, 3
11:55:14, 0, 0.100000, 0, 3
11:55:17, 0, 0.100000, 0, 3
11:55:20, 0, 0.100000, 0, 3
11:55:23, 0, 0.100000, 0, 3
11:55:26, 0, 0.100000, 0, 3
11:55:29, 0, 0.100000, 0, 3
11:55:32, 0, 0.100000, 0, 3
11:55:35, 0, 0.100000, 0, 3
11:55:38, 0, 0.100000, 0, 3
11:55:41, 0, 0.100000, 0, 3
11:55:44, 0, 0.100000, 0, 3
11:55:47, 0, 0.100000, 0, 3
11:55:50, 0, 0.100000, 0, 3
11:55:53, 0, 0.100000, 0, 3
11:55:56, 0, 0.100000, 0, 3
11:55:59, 0, 0.100000, 0, 3
11:56:2, 0, 0.100000, 0, 3
11:56:5, 0, 0.100000, 0, 3
11:56:8, 0, 0.100000, 0, 3
11:56:11, 0, 0.100000, 0, 3
11:56:14, 0, 0.100000, 0, 3
11:56:17, 0, 0.100000, 0, 3
11:56:20, 0, 0.100000, 0, 3
11:56:23, 0, 0.100000, 0, 3
11:56:26, 0, 0.100000, 0, 3
11:56:29, 0, 0.100000, 0, 3
11:56:32, 0, 0.100000, 0, 3
11:56:35, 0, 0.100000, 0, 3
11:56:38, 0, 0.100000, 0, 3
11:56:41, 0, 0.100000, 0, 3
11:56:44, 0, 0.100000, 0, 3
11:56:47, 0, 0.100000, 0, 3
11:56:51, 0, 0.100000, 0, 3
11:56:54, 0, 0.100000, 0, 3
11:56:57, 0, 0.100000, 0, 3
11:57:0, 0, 0.100000, 0, 3
11:57:3, 0, 0.100000, 0, 3
11:57:6, 0, 0.100000, 0, 3
11:57:9, 0, 0.100000, 0, 3
11:57:12, 0, 0.100000, 0, 3
11:57:15, 0, 0.100000, 0, 3
11:57:18, 0, 0.100000, 0, 3
11:57:21, 0, 0.100000, 0, 3
11:57:24, 0, 0.100000, 0, 3
11:57:27, 0, 0.100000, 0, 3
11:57:30, 0, 0.100000, 0, 3
11:57:33, 0, 0.100000, 0, 3
11:57:36, 0, 0.100000, 0, 3
11:57:39, 0, 0.100000, 0, 3
11:57:42, 0, 0.100000, 0, 3
11:57:45, 0, 0.100000, 0, 3
11:57:48, 0, 0.100000, 0, 3
11:57:51, 0, 0.100000, 0, 3
11:57:54, 0, 0.100000, 0, 3
11:57:57, 0, 0.100000, 0, 3
11:58:0, 0, 0.100000, 0, 3
11:58:3, 0, 0.100000, 0, 3
11:58:6, 0, 0.100000, 0, 3
11:58:9, 0, 0.100000, 0, 3
11:58:12, 0, 0.100000, 0, 3
11:58:15, 0, 0.100000, 0, 3
11:58:18, 0, 0.100000, 0, 3
11:58:21, 0, 0.100000, 0, 3
11:58:24, 0, 0.100000, 0, 3
11:58:27, 0, 0.100000, 0, 3
11:58:30, 0, 0.100000, 0, 3
11:58:33, 0, 0.100000, 0, 3
11:58:36, 0, 0.100000, 0, 3
11:58:39, 0, 0.100000, 0, 3
11:58:42, 0, 0.100000, 0, 3
11:58:45, 0, 0.100000, 0, 3
11:58:48, 0, 0.100000, 0, 3
11:58:51, 0, 0.100000, 0, 3
11:58:54, 0, 0.100000, 0, 3
11:58:57, 0, 0.100000, 0, 3
11:59:0, 0, 0.100000, 0, 3
11:59:3, 0, 0.100000, 0, 3
11:59:6, 0, 0.100000, 0, 3
11:59:9, 0, 0.100000, 0, 3
11:59:12, 0, 0.100000, 0, 3
11:59:15, 0, 0.100000, 0, 3
11:59:18, 0, 0.100000, 0, 3
11:59:21, 0, 0.100000, 0, 3
11:59:24, 0, 0.100000, 0, 3
11:59:27, 0, 0.100000, 0, 3
11:59:30, 0, 0.100000, 0, 3
11:59:33, 0, 0.100000, 0, 3
11:59:36, 0, 0.100000, 0, 3
11:59:39, 0, 0.100000, 0, 3
11:59:42, 0, 0.100000, 0, 3
11:59:45, 0, 0.100000, 0, 3
11:59:48, 0, 0.100000, 0, 3
11:59:51, 0, 0.100000, 0, 3
11:59:54, 0, 0.100000, 0, 3
11:59:57, 0, 0.100000, 0, 3
12:0:0, 0, 0.100000, 0, 3
12:0:3, 0, 0.100000, 0, 3
12:0:6, 0, 0.100000, 0, 3
12:0:9, 0, 0.100000, 0, 3
12:0:12, 0, 0.100000, 0, 3
12:0:15, 0, 0.100000, 0, 3
12:0:18, 0, 0.100000, 0, 3
12:0:21, 0, 0.100000, 0, 3
12:0:24, 0, 0.100000, 0, 3
12:0:27, 0, 0.100000, 0, 3
12:0:30, 0, 0.100000, 0, 3
12:0:33, 0, 0.100000, 0, 3
12:0:36, 0, 0.100000, 0, 3
12:0:39, 0, 0.100000, 0, 3
12:0:42, 0, 0.100000, 0, 3
12:0:45, 0, 0.100000, 0, 3
12:0:48, 0, 0.100000, 0, 3
12:0:51, 0, 0.100000, 0, 3
12:0:54, 0, 0.100000, 0, 3
12:0:57, 0, 0.100000, 0, 3
12:1:0, 0, 0.100000, 0, 3
12:1:3, 0, 0.100000, 0, 3
12:1:6, 0, 0.100000, 0, 3
12:1:9, 0, 0.100000, 0, 3
12:1:12, 0, 0.100000, 0, 3
12:1:15, 0, 0.100000, 0, 3
12:1:18, 0, 0.100000, 0, 3
12:1:21, 0, 0.100000, 0, 3
12:1:24, 0, 0.100000, 0, 3
12:1:27, 0, 0.100000, 0, 3
12:1:30, 0, 0.100000, 0, 3
12:1:33, 0, 0.100000, 0, 3
12:1:36, 0, 0.100000, 0, 3
12:1:39, 0, 0.100000, 0, 3
12:1:42, 0, 0.100000, 0, 3
12:1:45, 0, 0.100000, 0, 3
12:1:48, 0, 0.100000, 0, 3
12:1:51, 0, 0.100000, 0, 3
12:1:54, 0, 0.100000, 0, 3
12:1:57, 0, 0.100000, 0, 3
12:2:0, 0, 0.100000, 0, 3
12:2:3, 0, 0.100000, 0, 3
12:2:6, 0, 0.100000, 0, 3
12:2:9, 0, 0.100000, 0, 3
12:2:12, 0, 0.100000, 0, 3
12:2:15, 0, 0.100000, 0, 3
12:2:18, 0, 0.100000, 0, 3
12:2:21, 0, 0.100000, 0, 3
12:2:24, 0, 0.100000, 0, 3
12:2:27, 0, 0.100000, 0, 3
12:2:30, 0, 0.100000, 0, 3
12:2:33, 0, 0.100000, 0, 3
12:2:36, 0, 0.100000, 0, 3
12:2:39, 0, 0.100000, 0, 3
12:2:42, 0, 0.100000, 0, 3
12:2:45, 0, 0.100000, 0, 3
12:2:48, 0, 0.100000, 0, 3
12:2:51, 0, 0.100000, 0, 3
12:2:54, 0, 0.100000, 0, 3
12:2:57, 0, 0.100000, 0, 3
12:3:0, 0, 0.100000, 0, 3
12:3:3, 0, 0.100000, 0, 3
12:3:6, 0, 0.100000, 0, 3
12:3:9, 0, 0.100000, 0, 3
12:3:12, 0, 0.100000, 0, 3
12:3:15, 0, 0.100000, 0, 3
12:3:18, 0, 0.100000, 0, 3
12:3:21, 0, 0.100000, 0, 3
12:3:24, 0, 0.100000, 0, 3
12:3:27, 0, 0.100000, 0, 3
12:3:30, 0, 0.100000, 0, 3
12:3:33, 0, 0.100000, 0, 3
12:3:36, 0, 0.100000, 0, 3
12:3:39, 0, 0.100000, 0, 3
12:3:42, 0, 0.100000, 0, 3
12:3:45, 0, 0.100000, 0, 3
12:3:48, 0, 0.100000, 0, 3
12:3:51, 0, 0.100000, 0, 3
12:3:54, 0, 0.100000, 0, 3
12:3:57, 0, 0.100000, 0, 3
12:4:0, 0, 0.100000, 0, 3
12:4:3, 0, 0.100000, 0, 3
12:4:6, 0, 0.100000, 0, 3
12:4:9, 0, 0.100000, 0, 3
12:4:12, 0, 0.100000, 0, 3
12:4:15, 0, 0.100000, 0, 3
12:4:18, 0, 0.100000, 0, 3
12:4:21, 0, 0.100000, 0, 3
12:4:24, 0, 0.100000, 0, 3
12:4:27, 0, 0.100000, 0, 3
12:4:30, 0, 0.100000, 0, 3
12:4:33, 0, 0.100000, 0, 3
12:4:36, 0, 0.100000, 0, 3
12:4:39, 0, 0.100000, 0, 3
12:4:42, 0, 0.100000, 0, 3
12:4:45, 0, 0.100000, 0, 3
12:4:48, 0, 0.100000, 0, 3
12:4:51, 0, 0.100000, 0, 3
12:4:54, 0, 0.100000, 0, 3
12:4:57, 0, 0.100000, 0, 3
12:5:0, 0, 0.100000, 0, 3
12:5:3, 0, 0.100000, 0, 3
12:5:6, 0, 0.100000, 0, 3
12:5:9, 0, 0.100000, 0, 3
12:5:12, 0, 0.100000, 0, 3
12:5:15, 0, 0.100000, 0, 3
12:5:18, 0, 0.100000, 0, 3
12:5:21, 0, 0.100000, 0, 3
12:5:24, 0, 0.100000, 0, 3
12:5:27, 0, 0.100000, 0, 3
12:5:30, 0, 0.100000, 0, 3
12:5:33, 0, 0.100000, 0, 3
12:5:36, 0, 0.100000, 0, 3
12:5:39, 0, 0.100000, 0, 3
12:5:42, 0, 0.100000, 0, 3
12:5:45, 0, 0.100000, 0, 3
12:5:48, 0, 0.100000, 0, 3
12:5:51, 0, 0.100000, 0, 3
12:5:54, 0, 0.100000, 0, 3
12:5:57, 0, 0.100000, 0, 3
12:6:0, 0, 0.100000, 0, 3
12:6:3, 0, 0.100000, 0, 3
12:6:6, 0, 0.100000, 0, 3
12:6:9, 0, 0.100000, 0, 3
12:6:12, 0, 0.100000, 0, 3
12:6:15, 0, 0.100000, 0, 3
12:6:18, 0, 0.100000, 0, 3
12:6:21, 0, 0.100000, 0, 3
12:6:24, 0, 0.100000, 0, 3
12:6:27, 0, 0.100000, 0, 3
12:6:30, 0, 0.100000, 0, 3
12:6:33, 0, 0.100000, 0, 3
12:6:36, 0, 0.100000, 0, 3
12:6:39, 0, 0.100000, 0, 3
12:6:42, 0, 0.100000, 0, 3
12:6:45, 0, 0.100000, 0, 3
12:6:48, 0, 0.100000, 0, 3
12:6:51, 0, 0.100000, 0, 3
12:6:54, 0, 0.100000, 0, 3
12:6:57, 0, 0.100000, 0, 3
12:7:0, 0, 0.100000, 0, 3
12:7:3, 0, 0.100000, 0, 3
12:7:6, 0, 0.100000, 0, 3
12:7:9, 0, 0.100000, 0, 3
12:7:12, 0, 0.100000, 0, 3
12:7:15, 0, 0.100000, 0, 3
12:7:18, 0, 0.100000, 0, 3
12:7:21, 0, 0.100000, 0, 3
12:7:24, 0, 0.100000, 0, 3
12:7:27, 0, 0.100000, 0, 3
12:7:30, 0, 0.100000, 0, 3
12:7:33, 0, 0.100000, 0, 3
12:7:36, 0, 0.100000, 0, 3
12:7:39, 0, 0.100000, 0, 3
12:7:42, 0, 0.100000, 0, 3
12:7:45, 0, 0.100000, 0, 3
12:7:48, 0, 0.100000, 0, 3
12:7:51, 0, 0.100000, 0, 3
12:7:54, 0, 0.100000, 0, 3
12:7:57, 0, 0.100000, 0, 3
12:8:0, 0, 0.100000, 0, 3
12:8:3, 0, 0.100000, 0, 3
12:8:6, 0, 0.100000, 0, 3
12:8:9, 0, 0.100000, 0, 3
12:8:12, 0, 0.100000, 0, 3
12:8:15, 0, 0.100000, 0, 3
12:8:18, 0, 0.100000, 0, 3
12:8:21, 0, 0.100000, 0, 3
12:8:25, 0, 0.100000, 0, 3
12:8:28, 0, 0.100000, 0, 3
12:8:31, 0, 0.100000, 0, 3
12:8:34, 0, 0.100000, 0, 3
12:8:37, 0, 0.100000, 0, 3
12:8:40, 0, 0.100000, 0, 3
12:8:43, 0, 0.100000, 0, 3
12:8:46, 0, 0.100000, 0, 3
12:8:49, 0, 0.100000, 0, 3
12:8:52, 0, 0.100000, 0, 3
12:8:55, 0, 0.100000, 0, 3
12:8:58, 0, 0.100000, 0, 3
12:9:1, 0, 0.100000, 0, 3
12:9:4, 0, 0.100000, 0, 3
12:9:7, 0, 0.100000, 0, 3
12:9:10, 0, 0.100000, 0, 3
12:9:13, 0, 0.100000, 0, 3
12:9:16, 0, 0.100000, 0, 3
12:9:19, 0, 0.100000, 0, 3
12:9:22, 0, 0.100000, 0, 3
12:9:25, 0, 0.100000, 0, 3
12:9:28, 0, 0.100000, 0, 3
12:9:31, 0, 0.100000, 0, 3
12:9:34, 0, 0.100000, 0, 3
12:9:37, 0, 0.100000, 0, 3
12:9:40, 0, 0.100000, 0, 3
12:9:43, 0, 0.100000, 0, 3
12:9:46, 0, 0.100000, 0, 3
12:9:49, 0, 0.100000, 0, 3
12:9:52, 0, 0.100000, 0, 3
12:9:55, 0, 0.100000, 0, 3
12:9:58, 0, 0.100000, 0, 3
12:10:1, 0, 0.100000, 0, 3
12:10:4, 0, 0.100000, 0, 3
12:10:7, 0, 0.100000, 0, 3
12:10:10, 0, 0.100000, 0, 3
12:10:13, 0, 0.100000, 0, 3
12:10:16, 0, 0.100000, 0, 3
12:10:19, 0, 0.100000, 0, 3
12:10:22, 0, 0.100000, 0, 3
12:10:25, 0, 0.100000, 0, 3
12:10:28, 0, 0.100000, 0, 3
12:10:31, 0, 0.100000, 0, 3
12:10:34, 0, 0.100000, 0, 3
12:10:37, 0, 0.100000, 0, 3
12:10:40, 0, 0.100000, 0, 3
12:10:43, 0, 0.100000, 0, 3
12:10:46, 0, 0.100000, 0, 3
12:10:49, 0, 0.100000, 0, 3
12:10:52, 0, 0.100000, 0, 3
12:10:55, 0, 0.100000, 0, 3
12:10:58, 0, 0.100000, 0, 3
12:11:1, 0, 0.100000, 0, 3
12:11:4, 0, 0.100000, 0, 3
12:11:7, 0, 0.100000, 0, 3
12:11:10, 0, 0.100000, 0, 3
12:11:13, 0, 0.100000, 0, 3
12:11:16, 0, 0.100000, 0, 3
12:11:19, 0, 0.100000, 0, 3
12:11:22, 0, 0.100000, 0, 3
12:11:25, 0, 0.100000, 0, 3
12:11:28, 0, 0.100000, 0, 3
12:11:31, 0, 0.100000, 0, 3
12:11:34, 0, 0.100000, 0, 3
12:11:37, 0, 0.100000, 0, 3
12:11:40, 0, 0.100000, 0, 3
12:11:43, 0, 0.100000, 0, 3
12:11:46, 0, 0.100000, 0, 3
12:11:49, 0, 0.100000, 0, 3
12:11:52, 0, 0.100000, 0, 3
12:11:55, 0, 0.100000, 0, 3
12:11:58, 0, 0.100000, 0, 3
12:12:1, 0, 0.100000, 0, 3
12:12:4, 0, 0.100000, 0, 3
12:12:7, 0, 0.100000, 0, 3
12:12:10, 0, 0.100000, 0, 3
12:12:13, 0, 0.100000, 0, 3
12:12:16, 0, 0.100000, 0, 3
12:12:19, 0, 0.100000, 0, 3
12:12:22, 0, 0.100000, 0, 3
12:12:25, 0, 0.100000, 0, 3
12:12:28, 0, 0.100000, 0, 3
12:12:31, 0, 0.100000, 0, 3
12:12:34, 0, 0.100000, 0, 3
12:12:37, 0, 0.100000, 0, 3
12:12:40, 0, 0.100000, 0, 3
12:12:43, 0, 0.100000, 0, 3
12:12:46, 0, 0.100000, 0, 3
12:12:49, 0, 0.100000, 0, 3
12:12:52, 0, 0.100000, 0, 3
12:12:55, 0, 0.100000, 0, 3
12:12:58, 0, 0.100000, 0, 3
12:13:1, 0, 0.100000, 0, 3
12:13:4, 0, 0.100000, 0, 3
12:13:7, 0, 0.100000, 0, 3
12:13:10, 0, 0.100000, 0, 3
12:13:13, 0, 0.100000, 0, 3
12:13:16, 0, 0.100000, 0, 3
12:13:19, 0, 0.100000, 0, 3
12:13:22, 0, 0.100000, 0, 3
12:13:25, 0, 0.100000, 0, 3
12:13:28, 0, 0.100000, 0, 3
12:13:31, 0, 0.100000, 0, 3
12:13:34, 0, 0.100000, 0, 3
12:13:37, 0, 0.100000, 0, 3
12:13:40, 0, 0.100000, 0, 3
12:13:43, 0, 0.100000, 0, 3
12:13:46, 0, 0.100000, 0, 3
12:13:49, 0, 0.100000, 0, 3
12:13:52, 0, 0.100000, 0, 3
12:13:55, 0, 0.100000, 0, 3
12:13:58, 0, 0.100000, 0, 3
12:14:1, 0, 0.100000, 0, 3
12:14:4, 0, 0.100000, 0, 3
12:14:7, 0, 0.100000, 0, 3
12:14:10, 0, 0.100000, 0, 3
12:14:13, 0, 0.100000, 0, 3
12:14:16, 0, 0.100000, 0, 3
12:14:19, 0, 0.100000, 0, 3
12:14:22, 0, 0.100000, 0, 3
12:14:25, 0, 0.100000, 0, 3
12:14:28, 0, 0.100000, 0, 3
12:14:31, 0, 0.100000, 0, 3
12:14:34, 0, 0.100000, 0, 3
12:14:37, 0, 0.100000, 0, 3
12:14:40, 0, 0.100000, 0, 3
12:14:43, 0, 0.100000, 0, 3
12:14:46, 0, 0.100000, 0, 3
12:14:49, 0, 0.100000, 0, 3
12:14:52, 0, 0.100000, 0, 3
12:14:55, 0, 0.100000, 0, 3
12:14:58, 0, 0.100000, 0, 3
12:15:1, 0, 0.100000, 0, 3
12:15:4, 0, 0.100000, 0, 3
12:15:7, 0, 0.100000, 0, 3
12:15:10, 0, 0.100000, 0, 3
12:15:13, 0, 0.100000, 0, 3
12:15:16, 0, 0.100000, 0, 3
12:15:19, 0, 0.100000, 0, 3
12:15:22, 0, 0.100000, 0, 3
12:15:25, 0, 0.100000, 0, 3
12:15:28, 0, 0.100000, 0, 3
12:15:31, 0, 0.100000, 0, 3
12:15:34, 0, 0.100000, 0, 3
12:15:37, 0, 0.100000, 0, 3
12:15:40, 0, 0.100000, 0, 3
12:15:43, 0, 0.100000, 0, 3
12:15:46, 0, 0.100000, 0, 3
12:15:49, 0, 0.100000, 0, 3
12:15:52, 0, 0.100000, 0, 3
12:15:55, 0, 0.100000, 0, 3
12:15:58, 0, 0.100000, 0, 3
12:16:1, 0, 0.100000, 0, 3
12:16:4, 0, 0.100000, 0, 3
12:16:7, 0, 0.100000, 0, 3
12:16:10, 0, 0.100000, 0, 3
12:16:13, 0, 0.100000, 0, 3
12:16:16, 0, 0.100000, 0, 3
12:16:19, 0, 0.100000, 0, 3
12:16:22, 0, 0.100000, 0, 3
12:16:25, 0, 0.100000, 0, 3
12:16:28, 0, 0.100000, 0, 3
12:16:31, 0, 0.100000, 0, 3
12:16:34, 0, 0.100000, 0, 3
12:16:37, 0, 0.100000, 0, 3
12:16:40, 0, 0.100000, 0, 3
12:16:43, 0, 0.100000, 0, 3
12:16:46, 0, 0.100000, 0, 3
12:16:49, 0, 0.100000, 0, 3
12:16:52, 0, 0.100000, 0, 3
12:16:55, 0, 0.100000, 0, 3
12:16:58, 0, 0.100000, 0, 3
12:17:1, 0, 0.100000, 0, 3
12:17:4, 0, 0.100000, 0, 3
12:17:7, 0, 0.100000, 0, 3
12:17:10, 0, 0.100000, 0, 3
12:17:13, 0, 0.100000, 0, 3
12:17:16, 0, 0.100000, 0, 3
12:17:19, 0, 0.100000, 0, 3
12:17:22, 0, 0.100000, 0, 3
12:17:25, 0, 0.100000, 0, 3
12:17:28, 0, 0.100000, 0, 3
12:17:31, 0, 0.100000, 0, 3
12:17:34, 0, 0.100000, 0, 3
12:17:37, 0, 0.100000, 0, 3
12:17:40, 0, 0.100000, 0, 3
12:17:43, 0, 0.100000, 0, 3
12:17:46, 0, 0.100000, 0, 3
12:17:49, 0, 0.100000, 0, 3
12:17:52, 0, 0.100000, 0, 3
12:17:55, 0, 0.100000, 0, 3
12:17:58, 0, 0.100000, 0, 3
12:18:1, 0, 0.100000, 0, 3
12:18:4, 0, 0.100000, 0, 3
12:18:7, 0, 0.100000, 0, 3
12:18:10, 0, 0.100000, 0, 3
12:18:13, 0, 0.100000, 0, 3
12:18:16, 0, 0.100000, 0, 3
12:18:19, 0, 0.100000, 0, 3
12:18:22, 0, 0.100000, 0, 3
12:18:25, 0, 0.100000, 0, 3
12:18:28, 0, 0.100000, 0, 3
12:18:31, 0, 0.100000, 0, 3
12:18:34, 0, 0.100000, 0, 3
12:18:37, 0, 0.100000, 0, 3
12:18:40, 0, 0.100000, 0, 3
12:18:43, 0, 0.100000, 0, 3
12:18:46, 0, 0.100000, 0, 3
12:18:49, 0, 0.100000, 0, 3
12:18:52, 0, 0.100000, 0, 3
12:18:55, 0, 0.100000, 0, 3
12:18:58, 0, 0.100000, 0, 3
12:19:1, 0, 0.100000, 0, 3
12:19:4, 0, 0.100000, 0, 3
12:19:7, 0, 0.100000, 0, 3
12:19:10, 0, 0.100000, 0, 3
12:19:13, 0, 0.100000, 0, 3
12:19:16, 0, 0.100000, 0, 3
12:19:19, 0, 0.100000, 0, 3
12:19:22, 0, 0.100000, 0, 3
12:19:25, 0, 0.100000, 0, 3
12:19:28, 0, 0.100000, 0, 3
12:19:31, 0, 0.100000, 0, 3
12:19:34, 0, 0.100000, 0, 3
12:19:37, 0, 0.100000, 0, 3
12:19:40, 0, 0.100000, 0, 3
12:19:43, 0, 0.100000, 0, 3
12:19:46, 0, 0.100000, 0, 3
12:19:49, 0, 0.100000, 0, 3
12:19:52, 0, 0.100000, 0, 3
12:19:55, 0, 0.100000, 0, 3
12:19:58, 0, 0.100000, 0, 3
12:20:2, 0, 0.100000, 0, 3
12:20:5, 0, 0.100000, 0, 3
12:20:8, 0, 0.100000, 0, 3
12:20:11, 0, 0.100000, 0, 3
12:20:14, 0, 0.100000, 0, 3
12:20:17, 0, 0.100000, 0, 3
12:20:20, 0, 0.100000, 0, 3
12:20:23, 0, 0.100000, 0, 3
12:20:26, 0, 0.100000, 0, 3
12:20:29, 0, 0.100000, 0, 3
12:20:32, 0, 0.100000, 0, 3
12:20:35, 0, 0.100000, 0, 3
12:20:38, 0, 0.100000, 0, 3
12:20:41, 0, 0.100000, 0, 3
12:20:44, 0, 0.100000, 0, 3
12:20:47, 0, 0.100000, 0, 3
12:20:50, 0, 0.100000, 0, 3
12:20:53, 0, 0.100000, 0, 3
12:20:56, 0, 0.100000, 0, 3
12:20:59, 0, 0.100000, 0, 3
12:21:2, 0, 0.100000, 0, 3
12:21:5, 0, 0.100000, 0, 3
12:21:8, 0, 0.100000, 0, 3
12:21:11, 0, 0.100000, 0, 3
12:21:14, 0, 0.100000, 0, 3
12:21:17, 0, 0.100000, 0, 3
12:21:20, 0, 0.100000, 0, 3
12:21:23, 0, 0.100000, 0, 3
12:21:26, 0, 0.100000, 0, 3
12:21:29, 0, 0.100000, 0, 3
12:21:32, 0, 0.100000, 0, 3
12:21:35, 0, 0.100000, 0, 3
12:21:38, 0, 0.100000, 0, 3
12:21:41, 0, 0.100000, 0, 3
12:21:44, 0, 0.100000, 0, 3
12:21:47, 0, 0.100000, 0, 3
12:21:50, 0, 0.100000, 0, 3
12:21:53, 0, 0.100000, 0, 3
12:21:56, 0, 0.100000, 0, 3
12:21:59, 0, 0.100000, 0, 3
12:22:2, 0, 0.100000, 0, 3
12:22:5, 0, 0.100000, 0, 3
12:22:8, 0, 0.100000, 0, 3
12:22:11, 0, 0.100000, 0, 3
12:22:14, 0, 0.100000, 0, 3
12:22:17, 0, 0.100000, 0, 3
12:22:20, 0, 0.100000, 0, 3
12:22:23, 0, 0.100000, 0, 3
12:22:26, 0, 0.100000, 0, 3
12:22:29, 0, 0.100000, 0, 3
12:22:32, 0, 0.100000, 0, 3
12:22:35, 0, 0.100000, 0, 3
12:22:38, 0, 0.100000, 0, 3
12:22:41, 0, 0.100000, 0, 3
12:22:44, 0, 0.100000, 0, 3
12:22:47, 0, 0.100000, 0, 3
12:22:50, 0, 0.100000, 0, 3
12:22:53, 0, 0.100000, 0, 3
12:22:56, 0, 0.100000, 0, 3
12:22:59, 0, 0.100000, 0, 3
12:23:2, 0, 0.100000, 0, 3
12:23:5, 0, 0.100000, 0, 3
12:23:8, 0, 0.100000, 0, 3
12:23:11, 0, 0.100000, 0, 3
12:23:14, 0, 0.100000, 0, 3
12:23:17, 0, 0.100000, 0, 3
12:23:20, 0, 0.100000, 0, 3
12:23:23, 0, 0.100000, 0, 3
12:23:26, 0, 0.100000, 0, 3
12:23:29, 0, 0.100000, 0, 3
12:23:32, 0, 0.100000, 0, 3
12:23:35, 0, 0.100000, 0, 3
12:23:38, 0, 0.100000, 0, 3
12:23:41, 0, 0.100000, 0, 3
12:23:44, 0, 0.100000, 0, 3
12:23:47, 0, 0.100000, 0, 3
12:23:50, 0, 0.100000, 0, 3
12:23:53, 0, 0.100000, 0, 3
12:23:56, 0, 0.100000, 0, 3
12:23:59, 0, 0.100000, 0, 3
12:24:2, 0, 0.100000, 0, 3
12:24:5, 0, 0.100000, 0, 3
12:24:8, 0, 0.100000, 0, 3
12:24:11, 0, 0.100000, 0, 3
12:24:14, 0, 0.100000, 0, 3
12:24:17, 0, 0.100000, 0, 3
12:24:20, 0, 0.100000, 0, 3
12:24:23, 0, 0.100000, 0, 3
12:24:26, 0, 0.100000, 0, 3
12:24:29, 0, 0.100000, 0, 3
12:24:32, 0, 0.100000, 0, 3
12:24:35, 0, 0.100000, 0, 3
12:24:38, 0, 0.100000, 0, 3
12:24:41, 0, 0.100000, 0, 3
12:24:44, 0, 0.100000, 0, 3
12:24:47, 0, 0.100000, 0, 3
12:24:50, 0, 0.100000, 0, 3
12:24:53, 0, 0.100000, 0, 3
12:24:56, 0, 0.100000, 0, 3
12:24:59, 0, 0.100000, 0, 3
12:25:2, 0, 0.100000, 0, 3
12:25:5, 0, 0.100000, 0, 3
12:25:8, 0, 0.100000, 0, 3
12:25:11, 0, 0.100000, 0, 3
12:25:14, 0, 0.100000, 0, 3
12:25:17, 0, 0.100000, 0, 3
12:25:20, 0, 0.100000, 0, 3
12:25:23, 0, 0.100000, 0, 3
12:25:26, 0, 0.100000, 0, 3
12:25:29, 0, 0.100000, 0, 3
12:25:32, 0, 0.100000, 0, 3
12:25:35, 0, 0.100000, 0, 3
12:25:38, 0, 0.100000, 0, 3
12:25:41, 0, 0.100000, 0, 3
12:25:44, 0, 0.100000, 0, 3
12:25:47, 0, 0.100000, 0, 3
12:25:50, 0, 0.100000, 0, 3
12:25:53, 0, 0.100000, 0, 3
12:25:56, 0, 0.100000, 0, 3
12:25:59, 0, 0.100000, 0, 3
12:26:2, 0, 0.100000, 0, 3
12:26:5, 0, 0.100000, 0, 3
12:26:8, 0, 0.100000, 0, 3
12:26:11, 0, 0.100000, 0, 3
12:26:14, 0, 0.100000, 0, 3
12:26:17, 0, 0.100000, 0, 3
12:26:20, 0, 0.100000, 0, 3
12:26:23, 0, 0.100000, 0, 3
12:26:26, 0, 0.100000, 0, 3
12:26:29, 0, 0.100000, 0, 3
12:26:32, 0, 0.100000, 0, 3
12:26:35, 0, 0.100000, 0, 3
12:26:38, 0, 0.100000, 0, 3
12:26:41, 0, 0.100000, 0, 3
12:26:44, 0, 0.100000, 0, 3
12:26:47, 0, 0.100000, 0, 3
12:26:50, 0, 0.100000, 0, 3
12:26:53, 0, 0.100000, 0, 3
12:26:56, 0, 0.100000, 0, 3
12:26:59, 0, 0.100000, 0, 3
12:27:2, 0, 0.100000, 0, 3
12:27:5, 0, 0.100000, 0, 3
12:27:8, 0, 0.100000, 0, 3
12:27:11, 0, 0.100000, 0, 3
12:27:14, 0, 0.100000, 0, 3
12:27:17, 0, 0.100000, 0, 3
12:27:20, 0, 0.100000, 0, 3
12:27:23, 0, 0.100000, 0, 3
12:27:26, 0, 0.100000, 0, 3
12:27:29, 0, 0.100000, 0, 3
12:27:32, 0, 0.100000, 0, 3
12:27:35, 0, 0.100000, 0, 3
12:27:38, 0, 0.100000, 0, 3
12:27:41, 0, 0.100000, 0, 3
12:27:44, 0, 0.100000, 0, 3
12:27:47, 0, 0.100000, 0, 3
12:27:50, 0, 0.100000, 0, 3
12:27:53, 0, 0.100000, 0, 3
12:27:56, 0, 0.100000, 0, 3
12:27:59, 0, 0.100000, 0, 3
12:28:2, 0, 0.100000, 0, 3
12:28:5, 0, 0.100000, 0, 3
12:28:8, 0, 0.100000, 0, 3
12:28:11, 0, 0.100000, 0, 3
12:28:14, 0, 0.100000, 0, 3
12:28:17, 0, 0.100000, 0, 3
12:28:20, 0, 0.100000, 0, 3
12:28:23, 0, 0.100000, 0, 3
12:28:26, 0, 0.100000, 0, 3
12:28:29, 0, 0.100000, 0, 3
12:28:32, 0, 0.100000, 0, 3
12:28:35, 0, 0.100000, 0, 3
12:28:38, 0, 0.100000, 0, 3
12:28:41, 0, 0.100000, 0, 3
12:28:44, 0, 0.100000, 0, 3
12:28:47, 0, 0.100000, 0, 3
12:28:50, 0, 0.100000, 0, 3
12:28:53, 0, 0.100000, 0, 3
12:28:56, 0, 0.100000, 0, 3
12:28:59, 0, 0.100000, 0, 3
12:29:2, 0, 0.100000, 0, 3
12:29:5, 0, 0.100000, 0, 3
12:29:8, 0, 0.100000, 0, 3
12:29:11, 0, 0.100000, 0, 3
12:29:14, 0, 0.100000, 0, 3
12:29:17, 0, 0.100000, 0, 3
12:29:20, 0, 0.100000, 0, 3
12:29:23, 0, 0.100000, 0, 3
